G,C,B,A,Ia,Ib,Ic,Va,Vb,Vc,Fault_Type,P_a,Q_a,PF_a,P_b,Q_b,PF_b,P_c,Q_c,PF_c
0,0,0,0,270.6344673984056,261.7289719698324,248.4211865765353,6.615093141671348,6.053325513258364,6.625149556251066,0,1746.8965052475655,674.6306968893591,0.2745396122301942,1783.8528939846146,710.7791635062753,0.2983377966408549,1747.9035984191676,645.2982931380618,0.2740018330469859
0,0,0,0,260.02261838706266,287.354290721994,290.4380363317507,6.205889254948528,6.104884251828151,6.137759575874166,0,1677.7025256072036,652.5719491233045,0.280914787293671,1593.030282170869,678.0691265208563,0.2865440752613573,1643.599192452803,697.3450662308304,0.2676595351692651
0,0,0,0,283.5708901775679,298.40270959545336,253.9964077988368,6.121248359811581,6.209457992292879,6.324748045180209,0,1524.2129029109406,720.971106156854,0.3127128836927987,1528.3826850559433,722.360661448151,0.2857991367070133,1486.3120987079535,740.7415172198644,0.2776071754712941
1,0,1,0,286.6232372273331,307.46358387540505,297.95006212863706,6.210616876943075,6.507447119691062,6.067406285448413,1,1676.1371247430031,667.7571528480659,0.2758992209113619,1808.2272488157887,751.7044533538876,0.2931817190083587,1539.2805691961637,622.4143344888313,0.2807250593295922
0,0,0,0,271.41936312356006,283.46675582126903,289.72742422208233,6.185068510132241,6.105790130161018,6.137153308961193,0,1779.1979569640469,642.622935339238,0.2804293954650932,1762.584598726155,637.408737589052,0.3113863086329042,1476.8500763648883,727.8886570897482,0.2985995998925941
0,0,0,0,290.3144779696357,301.4779205798867,265.1599074897765,6.5015087040452695,6.41128716968243,6.4730901975287605,0,1527.215571315091,642.8495123609117,0.2726465594899431,1605.9128862109833,635.877093412154,0.279753972656293,1684.022838343954,737.7141385429171,0.2876066025771706
0,0,0,0,256.4798725344945,280.7178964569636,249.01713851743835,6.464779685416411,6.347597155504205,6.414117780039495,0,1756.5094911225665,669.6845794888072,0.3035344358681908,1638.0394655415134,630.5628502822686,0.2702493187832866,1578.081699183739,685.8636533067122,0.3080028226367707
0,0,0,0,263.6807045623456,269.24789500645926,295.17966429944903,6.273074182623093,6.118644665643706,6.519957616820222,0,1754.7619548451023,625.6925055330793,0.2708129360817609,1804.969051979197,739.6228774477466,0.2948432958046878,1536.1951777020572,738.4462441352207,0.2907515173670815
0,0,0,0,294.6690774147088,276.96915249131064,270.2281259930359,6.580517871025572,6.5346051115540345,6.151955380309668,0,1608.6703322490891,609.9805570778544,0.2779304762471858,1782.042651049184,627.989695963955,0.28910297376063,1514.3302692070831,662.4533463416701,0.3096586529616348
1,0,1,0,267.7842267857924,307.06237060634595,249.3170607136228,6.341694087751115,6.17599876359212,6.397130119255799,1,1737.2221254682877,643.5327720486838,0.3130028585336266,1661.212000320778,668.944781933249,0.2785305351368655,1639.8114814274445,623.2703972386711,0.2785379201828185
0,0,0,0,300.26692198886866,266.5667336625665,267.5009090866987,6.16494788555438,6.442216884883091,6.411520483483005,0,1550.871562456213,660.181105127046,0.3136567522446481,1749.0956544988535,660.132940104813,0.299280525115035,1682.7025921246109,689.5889136878293,0.2697134090603823
0,0,0,0,296.21599455511455,291.04815132702754,256.8720164952543,6.216357365525809,6.02704540381659,6.448621581916478,0,1564.769168054713,600.8141764465325,0.2950439356046589,1666.1467056028246,658.5804683245302,0.2953940865911623,1601.806690046032,744.4949311976311,0.271926189566573
0,0,0,0,268.7760038103104,290.0599031744013,252.4063074334935,6.085136469474867,6.534103163831436,6.579150187317706,0,1811.2364863573807,711.5044489890557,0.2793452810801028,1680.4768148628882,700.8214522869691,0.2765186872141411,1770.1850335640445,702.9166473560869,0.2813668790439649
0,0,0,0,269.228115582495,289.0507389358197,247.7954086431725,6.472825425611284,6.069827522630665,6.075619162894768,0,1802.02675240154,712.7941359221138,0.3039544653205202,1549.6434791591398,752.2237435209861,0.2935808799920688,1692.527033223366,616.9141231687336,0.2730171905422431
0,0,0,0,280.3056999856329,266.2965620384868,283.4280204748782,6.451265822235521,6.222622136838228,6.37102431801862,0,1720.1746063719647,625.0932684377105,0.3007625836198696,1744.0666541768271,717.5395488874408,0.3049436556111275,1505.7453398971445,666.5752666393528,0.2779080642592221
0,0,0,0,263.3863050004068,297.6389927430879,286.99115190733727,6.629206220947204,6.334870123805381,6.1890771355053245,0,1633.7433510283856,713.4504372971115,0.2969415195491042,1687.691466148212,695.6474304213328,0.2743373718289484,1483.0104495833448,704.6106852569359,0.2737809686635535
1,0,1,0,302.05426060327386,305.1438807982647,263.47094811553063,6.617127710671097,6.287717584812322,6.2550921407047255,1,1807.954631612332,644.3966718105327,0.2679121128026694,1817.2545504388647,761.2898803676624,0.3051208425158724,1754.031252434272,659.6196655420904,0.2734240685155767
0,0,0,0,280.75360609168763,287.5316062368493,287.99770477431935,6.605877248948292,6.643560904348033,6.452467620586986,0,1734.8885327323492,670.8468337407644,0.271765205014625,1542.481475459673,699.2440171010583,0.3062610597662283,1705.3049162765212,665.4489992657309,0.2792381112371248
0,0,0,0,294.7757313521671,281.15190264534976,296.198760217348,6.526095576564027,6.522116302743238,6.225286575352515,0,1791.997464257861,716.2547281250271,0.2912931274396265,1711.978476343442,724.8316607433338,0.3024430969296095,1598.1510841026716,629.0906988779291,0.292575757939004
0,0,0,0,251.83551504119512,254.67452071657377,275.9890079508784,6.308024233517484,6.040193354898653,6.498646520529739,0,1683.6751700301538,633.3328012891047,0.2950411215691622,1769.3672655774735,677.2092435929626,0.2711464319921082,1545.783255199765,701.5183759777024,0.2694818620682913
1,0,1,0,252.70936915928112,307.815898226854,271.4129428058437,6.349646854690006,6.343523336586113,6.061055628985758,1,1683.0042190607408,679.7607498933692,0.3014185397183568,1603.272913169651,737.8206540066816,0.2778749493590651,1483.3496356816747,748.0441486091657,0.3046490019793301
0,0,0,0,288.4804879223222,283.8338615786801,287.8398952288215,6.272169034755344,6.4691078897644045,6.362194157348164,0,1560.353778410268,616.1180194467057,0.278982285981794,1715.3803330211836,666.0264293326537,0.3098876951350375,1675.5539043390042,673.6801933487368,0.2770895301914625
0,0,0,0,269.60360311871807,255.2495017410237,274.30593105725364,6.493011431001737,6.558320297065851,6.311013467114526,0,1507.2988035359529,610.7771901195529,0.2693523579046589,1729.827698457024,693.0914329973697,0.2697786387184668,1531.8132635982374,675.6317771433497,0.2841532801398502
0,0,0,0,284.0319974438591,281.24296621564866,282.5930807350311,6.4153115791262,6.5589721462213895,6.028185827084527,0,1517.6194350120954,644.9859929751731,0.2966926283592596,1714.8804500554716,649.7239572006722,0.2685026173783401,1667.0494252003575,744.974248800251,0.2924442985668182
0,0,0,0,271.3911943029861,274.6641162795742,252.82808710236085,6.420498576509639,6.625281207880962,6.022940406835788,0,1655.4978355985047,667.6124673506012,0.3115733990671465,1796.8754889357915,654.3021451392709,0.2684461088809577,1505.9971432963164,709.7505815380892,0.268818521513695
0,0,0,0,267.54952699390964,259.60243884337206,291.4439553944154,6.5480991743374455,6.457797581568425,6.189875836831671,0,1510.2632045643395,703.1856687632494,0.2804727859638991,1704.9905354884183,749.2861954208325,0.2996013248500219,1533.2023165904093,719.0086828601959,0.3032835408680046
1,0,1,0,304.8328454838774,305.2809717965951,252.95700033876395,6.274488737131394,6.5601899639972165,6.582527428288697,1,1626.7051266171238,698.1503397048976,0.283252220256263,1638.5224825481494,731.6458728439317,0.3005126065071631,1640.654990990108,729.394432493862,0.2804776571416175
0,0,0,0,299.5594496461091,270.9096839477492,271.93357625111526,6.259666878605151,6.618233244972616,6.196947912115101,0,1506.111554552353,715.2149180039072,0.2714875001437995,1811.919897689765,706.9226884553225,0.2947699815295466,1582.77185577832,708.3143323382776,0.3007320800374886
0,0,0,0,293.7884685076592,283.8508502383583,255.1478695677435,6.513122492026096,6.296170097129788,6.493278697538182,0,1532.9455625306523,660.8383874234903,0.269897228868118,1791.009358854822,675.9167960189815,0.2706787363688119,1677.6836382475594,630.0685370229027,0.2694237371998209
0,0,0,0,288.75780617861034,257.7290107011089,299.344466822501,6.059367527768407,6.641398577856365,6.635331753165836,0,1776.9016635696323,688.8656757002876,0.2710189283405989,1620.3310940361598,678.6655354880064,0.3032390197476511,1721.987324085411,667.7452351234326,0.2693953419106659
0,0,0,0,292.9871967722914,280.65209919587016,253.74845901455785,6.36676872199777,6.023730490304102,6.422217294973002,0,1644.1353554087818,715.3435825819384,0.2724262946240683,1651.708670135111,634.8661858269558,0.2707606784813458,1719.5835641581489,696.106351954875,0.3105611172293656
0,0,0,0,270.65281457515607,253.6432435372302,301.85672542940927,6.194160036374692,6.630783658530483,6.058106990233266,0,1792.5072466468373,625.0041579056476,0.3125992760679581,1510.2614481168073,751.1910991764618,0.2898964119052388,1656.586049702961,748.9553506226083,0.2899904673327048
0,0,0,0,284.78421238926984,303.6170956297335,272.3298574214176,6.453705005153483,6.045322101597852,6.403817505236856,0,1654.258504005806,678.4545565523496,0.2947337531405075,1589.3132819545935,759.4494353682595,0.3068643450860949,1565.9618533654425,641.9819353702525,0.2872076036047714
0,0,0,0,269.4581157000065,292.20599715076327,256.22634287346625,6.382752645679364,6.356060550733059,6.587826503804014,0,1528.4476106438738,724.3463737746182,0.3136831699355465,1598.8088210198543,740.4135704559269,0.2972454188755215,1744.6567410669757,746.2847005263695,0.2994832923013279
0,0,0,0,283.89681167835505,254.44217552640555,279.93946324431766,6.278049477111236,6.254961779511207,6.252430116258978,0,1813.919226031116,710.0125322272098,0.2693153936288401,1765.362461169594,764.5860813064858,0.2722395105036451,1792.965007411656,731.5390810963578,0.30475903314905
0,0,0,0,275.8618442318168,298.6558753932321,299.208026076139,6.275882448589695,6.649681196845573,6.549049875872853,0,1593.7801581614185,602.8783426311998,0.3079549933737591,1827.221332776572,704.4137429952589,0.3011886110304479,1556.1174097767305,677.9176128010937,0.2715344519331808
0,0,0,0,302.80891303340434,273.09352025635275,275.87471826444107,6.397006420114717,6.088458294291869,6.550653409771566,0,1578.8339366154032,684.2952999573891,0.2963280798709231,1719.1619434026682,699.5196344285326,0.3013445007332279,1655.947702992426,693.0347239461128,0.3065545546178768
0,0,0,0,272.24136873211233,292.5386706974177,279.7079432849516,6.098138959304686,6.151414462766824,6.259614186858208,0,1512.1031710404577,695.3352376968736,0.2964309286796491,1541.24733322909,629.0476246248313,0.2816074977521487,1618.438446440418,740.0346833065851,0.2817991019633749
1,0,1,0,278.37669643815275,306.3357193245416,272.52104025781324,6.509346684004888,6.109684576941979,6.6315550129891445,1,1634.8936121418294,677.7306091028845,0.3078437822007423,1803.935200156852,695.5915000451166,0.2772858373723912,1636.5136429696097,661.2395880095509,0.2951581633580719
0,0,0,0,263.1728847545653,260.7639381318656,273.33577200457904,6.061329969426222,6.422418793378772,6.433827185781335,0,1545.5243066694884,612.361427863644,0.274345545332438,1556.3755476830802,675.1855879237804,0.3071696975836013,1531.5241561816115,642.5526736576218,0.2673980280054178
0,0,0,0,259.2192747017666,278.8619104803463,249.45033312473453,6.189652112800449,6.147215270540757,6.517260912221665,0,1561.594558567205,607.1557053215761,0.2728713146557266,1617.0065299821931,697.166155686374,0.2975104779798543,1680.8573756699263,627.4169183170147,0.3064104918727358
0,0,0,0,300.9668356775263,263.33254156808647,267.5630342064909,6.051971127028931,6.1491251134556055,6.304092717674733,0,1594.938939599475,702.0917910695789,0.3024637777349228,1619.0683122611258,694.5334637105465,0.2941343233076178,1720.0510072410702,621.2443244374327,0.2773100041758506
0,0,0,0,289.4451690083104,278.11054051370246,248.39297922187865,6.579958024119243,6.353857167191296,6.215215254397724,0,1673.3356166748208,665.8257731740421,0.2722364936680037,1576.517337994276,664.5368133140248,0.2828568988332963,1544.3498373867071,661.0678324125394,0.2710941892090652
0,0,0,0,299.282074626679,257.8460791276877,254.3009629062922,6.389042151250641,6.356700315064523,6.190977717671316,0,1729.236662399636,699.8384554934096,0.2906848830128383,1690.9948542717966,730.8890454538962,0.285401666763549,1594.0535356621872,704.6716151934669,0.2922242969070718
0,0,0,0,269.61049022184847,261.55272174401523,256.8174569734311,6.63775442218098,6.172309948540477,6.57886522539511,0,1704.7535390355529,626.8077420241453,0.2719823769173853,1549.3285590662654,653.0168759972607,0.278542453894872,1501.3395520446106,688.0465406649716,0.2847104246777989
0,0,0,0,304.3816608107659,298.89034468162885,277.88597684742547,6.084228384294333,6.179875018424102,6.373115077642763,0,1635.3319450171186,723.6948035356417,0.3079919943192344,1552.7213632006717,720.1884089778304,0.308694796291171,1566.813413847259,721.5938232854376,0.2742463329532533
0,0,0,0,267.81067120516366,287.2849879857856,276.5575646168182,6.282602756915419,6.199335501978119,6.044202897630496,0,1671.9776757112763,627.4935245477456,0.2725978896197867,1689.1323095024854,648.5295920208767,0.2877173567668055,1585.3743943349243,634.6274770306693,0.2684524506999824
0,0,0,0,304.8025921022898,295.6949420972656,298.3707249068989,6.2173535367921,6.3937699272017605,6.537009348859919,0,1772.899819061215,629.1118631152858,0.2993161866861915,1652.677871670849,684.406089295452,0.2815270348742121,1791.362954291007,633.2420131896636,0.299724474546624
0,0,0,0,301.93666216270407,300.28200163750506,256.31695314896785,6.128026906221539,6.105060641564962,6.526856591468014,0,1524.6952613877138,693.4806257510307,0.2942697406197661,1760.2810012341276,655.1153475208126,0.272859098126115,1693.0827796479384,687.8485331370338,0.2822945415145194
0,0,0,0,298.54217402594384,278.96877301844086,296.7246213833485,6.261719904096379,6.207408635265635,6.25432868706054,0,1775.1452092466598,653.5232818057714,0.2849562631807176,1744.4382974082166,697.0690537147059,0.276067554132871,1653.209380501684,740.3514779312633,0.2947288834419038
0,0,0,0,256.3301792201284,297.5948026395142,255.6250402242471,6.608204937604857,6.409244477784647,6.208661490059667,0,1712.0767679518742,639.7321480385573,0.273750011559412,1673.2499813205925,751.5742047371542,0.302106349485308,1556.4914268426508,718.0955174123173,0.2670543279007045
0,0,0,0,281.4802753040556,259.17897870670873,255.5284623575729,6.495931098900141,6.552615165401305,6.156475697875311,0,1795.2339404166828,640.6816606085949,0.3059056152486187,1538.2944610719298,682.3782164921005,0.3025134231184831,1711.784761885002,714.8213632415464,0.2955210999340095
0,0,0,0,288.3680176368134,304.027034221101,255.7171707725724,6.356843718150162,6.38601369146128,6.382364513103589,0,1586.5655163142856,641.159880612469,0.2757456656805205,1629.1671658347916,691.3959646681661,0.3095328602938329,1640.8635637559426,699.9523200919499,0.2663317954453397
0,0,0,0,298.26031942457934,292.71624109687053,287.7600655616973,6.603322230446477,6.113146026658461,6.6026587596055375,0,1691.1838116467782,687.5965859782124,0.3106791791558428,1687.486850224573,711.5594611328943,0.2850493154169516,1778.4290176173358,677.9580418413391,0.2707885357809727
0,0,0,0,304.51838336638883,282.12561665124696,291.4094731786227,6.544315710758546,6.391006558965978,6.014341051516852,0,1544.1162901931425,717.260500645812,0.3081989468045626,1628.552606834929,634.6513772301842,0.2808872309090282,1584.3565818247346,670.7454245629567,0.2906603173309749
0,0,0,0,300.9103838232365,265.5857857801996,270.31134986843995,6.232540087513766,6.303078994357158,6.590306189277872,0,1618.3362793725933,693.0017234773908,0.2885054092462877,1542.7384419520947,651.5984099258042,0.2885236117642076,1593.8278882117772,695.7256075103747,0.2951049152223633
0,0,0,0,250.5670042297843,276.2674040751084,250.97607602075203,6.4333158857391375,6.070593651787567,6.485969986459192,0,1561.936954215563,722.5833394127435,0.2741927809468925,1827.300255461306,696.9958483495346,0.293064018810578,1543.8442546754916,739.1987582874326,0.2750941254899153
0,0,0,0,260.4269822512468,296.55499242648216,278.0441016731576,6.036445208754486,6.303616884822621,6.109642922820036,0,1660.110173457591,670.1561428280208,0.2702814956823801,1670.2346100779769,688.4359996328789,0.2839557112489652,1534.6736154679431,734.2321993703491,0.309808842734294
0,0,0,0,270.5661332398519,261.7378580066115,259.9883303218365,6.184685963206406,6.469979531973635,6.436570290294404,0,1717.51629015996,649.5007980935684,0.2683803000027185,1714.957011030796,630.7965014034504,0.275588297178462,1481.5008514687104,630.4774209998036,0.3029594019330672
0,0,0,0,259.7527996372566,293.5610317960461,258.55457031408406,6.42648523134808,6.5584696871810735,6.196908020754563,0,1582.0192136096089,608.5766210300837,0.2786489021389575,1771.9001152186368,682.3637586499763,0.2964663843915062,1768.8469301669763,618.0014574017132,0.2694894080038651
0,0,0,0,261.3818448857075,303.140052452007,279.72867474099706,6.03010435440805,6.53424335652019,6.181035310639899,0,1563.0719935943057,672.5643384868919,0.2870535008937696,1609.5427470772834,663.1685423674494,0.2829696047022281,1679.627690007508,672.2850128277641,0.2913467437562486
0,0,0,0,274.0537448975928,301.77947981847467,248.52476338988484,6.1997009364748425,6.325239926475383,6.181423659471606,0,1819.169545452776,696.4557551895136,0.2737896695707215,1793.2858222093437,738.471231653187,0.2850999920091601,1652.5804737763033,702.9682404665531,0.2775653713958788
0,0,0,0,257.5770492325232,268.26730251474214,262.3502478941642,6.54180414128922,6.028187183271042,6.362082756431945,0,1831.172419042628,664.9758717014406,0.2752780116610808,1799.8500855371424,643.4282003877464,0.292180971054067,1688.5669176965632,729.8441831160569,0.2751541699153175
0,0,0,0,250.45048840711885,286.7170544478438,268.3447392557374,6.099955866120953,6.437721026723635,6.339770745548874,0,1802.9978242769523,711.0480569093768,0.2953513611006633,1554.2118557534927,754.4333317212921,0.284798460564949,1490.4348176959725,638.9915119507201,0.3000602082629087
0,0,0,0,254.43698204320305,272.95354896821635,283.7609427738954,6.3950932222500345,6.471926152671287,6.60421712244992,0,1584.4119599672038,646.9287789371689,0.2807952430220718,1594.6847853566055,705.9426897696891,0.2874791588229178,1715.167365837557,645.6545055634612,0.2669442632109545
0,0,0,0,264.4008997395263,271.7489632491241,274.5188994632513,6.389982428574648,6.5047741168763045,6.447017268411543,0,1519.663427728754,661.0958654538474,0.2953244736597646,1531.3499598307449,637.4905482315041,0.2992792337903286,1617.57060389646,649.9628016276969,0.3038582769163696
0,0,0,0,294.22356960035773,258.1081336152679,257.46367154944494,6.453038972121435,6.597493033611749,6.354314081482077,0,1593.3588141493465,673.515567430339,0.2842032525740555,1541.3959789894457,759.4251724066829,0.2860730701744323,1761.1800057224748,716.4904114951526,0.3032707231106422
0,0,0,0,286.41565251977903,265.39492008948594,298.1354792030489,6.45150721980851,6.642049902824437,6.125674466889674,0,1786.028671579407,628.4539058148729,0.2902597203691073,1809.7432406817688,632.5146530424648,0.2982209180737342,1661.2048739720778,741.5861364951114,0.2670737024300779
0,0,0,0,288.5607732375446,279.6171618323716,249.32369288639867,6.201525974686677,6.562488851724553,6.388717653705874,0,1811.137180617749,723.9048953951374,0.3117054982950317,1776.663615324487,671.4838217407687,0.3039932441902517,1550.4338300784118,632.7311882045691,0.2690885908296617
0,0,0,0,288.49795283675434,283.28660384872563,281.1337350679116,6.22844405456591,6.517320794755813,6.158822096434604,0,1744.4834446343475,604.066646018259,0.2820492727620465,1601.875407038027,714.23145260998,0.3066637586174535,1483.0382508504788,735.3705995942456,0.2664798052316739
0,0,0,0,298.4034368674268,272.67468018592547,295.30146968158664,6.348116627096544,6.502415687145861,6.634118337639929,0,1816.0358096759417,701.1102701024712,0.3142359266449802,1629.5260179335232,693.8859091819061,0.2945672556786197,1726.8697814192708,673.4291476164304,0.285223908890014
0,0,0,0,290.7905693842153,269.61646714456606,270.7975596092314,6.16445115772842,6.16448846089493,6.254604215789703,0,1539.3789070358064,642.3409489956252,0.2807266517898232,1509.9068425959306,629.5115183178843,0.3114254078396463,1697.819317303019,646.1082508964662,0.3099890148014013
0,0,0,0,293.4978752003515,279.23419695239267,299.0962534279723,6.0699053762436135,6.405025701014925,6.42249340654939,0,1641.9179316780944,711.7398319045237,0.3117274481843732,1551.4403152076395,765.1284540286741,0.2760422356247451,1674.2480182040251,686.4275393215787,0.2762902140123103
0,0,0,0,259.6408363369459,256.2115296585504,256.84612359544155,6.152873360617239,6.63029207772078,6.262144024721224,0,1564.7423741786463,698.5699794814763,0.2836917393030446,1789.7068174042613,756.2921476358546,0.3117616860998531,1723.580462489458,711.5326713950503,0.2726933565453555
0,0,0,0,295.1350550994792,285.56857936325616,296.1296694823999,6.155376393161169,6.074480443860747,6.616127155049824,0,1577.222866566153,666.4689497566164,0.2951404512611196,1787.6042197468582,664.0291787342251,0.2712612983160352,1757.6339379047176,727.0745122406754,0.2961814201262714
0,0,0,0,280.4236012162195,293.6258559908144,251.47364449852364,6.068370879288724,6.330588020540088,6.5500367110717805,0,1638.8703541036075,644.7314053579901,0.2794307242376327,1522.855815338505,657.7008869932828,0.2971765101392691,1637.342429601487,682.0315647259566,0.2932376380446316
0,0,0,0,295.6262872281643,302.35072029964465,286.2169067804136,6.23346627241793,6.5215658480041006,6.541055293921965,0,1728.8740051348725,670.2740133934244,0.2797737162718215,1714.800070620272,745.5393569685335,0.3057893686049187,1703.6618455157022,709.3581170033121,0.2944652764027147
0,0,0,0,291.6308278282403,299.3819122717472,292.2400145320895,6.1137038595484094,6.098155864468283,6.537967865128099,0,1796.6045888002393,710.7772669881198,0.2685623427284128,1607.3159968333798,730.61995341516,0.2727235631350608,1641.3811568903518,617.0954685011599,0.2789310698725779
0,0,0,0,284.09178250822123,283.31437814509394,300.20962058539794,6.634381226967799,6.510431685657123,6.227739869225959,0,1713.4475336995235,629.794997429698,0.2970767022344799,1531.4770745222645,733.0611058788274,0.290531275882042,1682.405021610733,743.851064712331,0.2702859140896966
0,0,0,0,301.8749256113678,256.74600181056456,295.18385262076026,6.448727904501968,6.385240195838838,6.627414349916074,0,1525.1429347658016,635.2410946817571,0.3005736473129583,1610.8942905019387,713.5381264146846,0.2673407271824256,1792.6252425912458,718.8768225352128,0.2715778736834534
0,0,0,0,291.9387726379793,296.2671689797021,270.7100831622075,6.028873026380092,6.449284627912432,6.297038681255332,0,1509.8797736238796,638.2375940168447,0.2902228597609133,1644.1433558015258,665.1475924263548,0.3118654266073808,1528.6737069356798,725.060629986718,0.2979823456111961
1,0,1,0,262.097128902032,306.4112103793031,282.37912924396704,6.065455554253916,6.11220798402268,6.262999783142897,1,1729.703097304921,682.0208694880132,0.2800675200312988,1639.633040348187,758.5025550843129,0.2848432384321425,1564.924087127196,750.9649311563231,0.2846606315291931
0,0,0,0,299.4803877882656,273.67609420185835,295.02373848972064,6.158866666436939,6.5639553667884405,6.502824956509558,0,1573.6459613477243,599.5385165548918,0.2979094241498062,1653.2209609685765,761.9271358587815,0.273882594134906,1727.7379017163914,731.9039256918705,0.3011373073090128
0,0,0,0,284.60775225697626,297.73601625007416,270.93674327770844,6.096385382675398,6.321497735659929,6.138298036561439,0,1513.3530793338557,717.2612899330153,0.2962583956629861,1534.9102138185533,644.464137913919,0.2972844554423158,1636.1781378278863,625.0136434251948,0.2927486935130229
0,0,0,0,264.7745138142367,257.0324810525581,285.4815712489406,6.518148959521327,6.265114019143483,6.555678250493385,0,1606.1189268331018,655.6516057658083,0.2677312417900002,1655.457827110451,710.6266631338475,0.2788498086835954,1730.6647561460547,621.6463227055534,0.2879950838123626
0,0,0,0,255.6657235057771,287.7085943451359,275.73998050946784,6.166519654140662,6.461425115144993,6.067010163328867,0,1831.9271421657188,614.2733452575281,0.2907059097685647,1681.9554001576985,628.3824503376942,0.2804783892258188,1589.97083302462,620.7677673116722,0.269164735925046
0,0,0,0,271.8771802947127,264.2111123964816,249.0257639453185,6.097316417994176,6.122610068996314,6.603826385178082,0,1691.9877003837896,686.6457872130538,0.3049309961963266,1530.6749991791096,715.6999181109113,0.2982630639995869,1492.0754938305038,690.345037563458,0.2987028186696087
0,0,0,0,298.1962057503827,257.4635225647705,282.656739610033,6.465312746301184,6.583245284616254,6.344507075787154,0,1770.179851714618,640.3334653763657,0.3056023374464813,1677.9475781736976,740.901636671034,0.2863684957154565,1714.845290704441,627.3992464793049,0.2683108284682912
0,0,0,0,263.55917155224336,271.8980354414265,277.8090783358593,6.114298591618045,6.131878918363968,6.466506501255124,0,1793.5704902932928,624.4243718086088,0.3131953801452053,1758.4297894696742,718.8040240227411,0.2885155595300069,1549.9244181451818,752.6569737969783,0.3111523929799101
0,0,0,0,285.946082105982,267.44521410617705,270.67227703903654,6.13961638058913,6.309528370962145,6.230310744583867,0,1729.6125939234043,604.9719565502161,0.268628598812337,1784.5497770345492,728.3432838430979,0.2999586651921591,1596.6615593228462,751.4677559588883,0.2673624489510081
0,0,0,0,297.9775886647184,302.0580316233637,297.4274070527892,6.379599960118153,6.586972504515611,6.144712819959006,0,1648.941132672095,691.3817090903824,0.290129773921508,1636.1047196895504,665.5936316111377,0.2929219953781693,1679.240139870995,702.7055934190298,0.2998296784334892
1,0,1,0,257.1446378782655,307.5653562197274,295.1406095745954,6.466412886144469,6.131156323689974,6.293190259260586,1,1806.0074442383293,619.1938304445358,0.2783835011034941,1779.933249458413,695.6140119617563,0.2767704142820686,1643.7902643867667,665.4136991388651,0.2932630807230596
0,0,0,0,258.9188454059205,271.24001747695087,260.261759795766,6.260856791069831,6.506395999959839,6.057917271775485,0,1826.167495205003,629.5740111923274,0.2981484670664552,1539.4197202888506,762.1539247791543,0.2864373505367543,1530.6843778489613,687.397804967364,0.281271932149139
0,0,0,0,295.8596044738025,262.34998244947207,273.3725487253714,6.286053184727449,6.122696602059718,6.545584176698728,0,1585.5355452362237,677.0767446175079,0.300507879109482,1508.1045113221917,729.6297839752162,0.2962660518927005,1739.1279338683214,696.3782559517625,0.3061618428253794
1,0,1,0,261.2683039812414,305.6097279828741,264.6638318221557,6.084152880686373,6.041457051176181,6.3323780422418405,1,1592.5589784571102,602.9724663924098,0.2922279765785819,1536.5064288680876,690.0295082029572,0.3089053508203059,1488.667028891931,636.5348212533465,0.3117069545939552
0,0,0,0,303.4233900261293,278.522443084698,248.93714867546987,6.016436909131862,6.343077276819812,6.206261908440073,0,1820.2908988702045,679.9843676120373,0.3081056809199523,1658.4189873907665,719.940531917959,0.2717356787225954,1706.0249582815693,643.8624080268123,0.2970336428346056
0,0,0,0,303.68951679987566,262.9181801641357,274.61141053147645,6.072747275080386,6.4551938680638745,6.402371376654524,0,1727.066327648539,654.1339581840242,0.3081162406272327,1774.5247545330362,758.6416561130713,0.2971760077239554,1759.8554685123306,694.3591574852281,0.2669069670801301
0,0,0,0,301.5262715745475,275.1004311231724,249.9394122421837,6.449766642867957,6.428978869019919,6.629746280291566,0,1728.3722503414697,623.9561296812215,0.2982497832548031,1531.3482236311438,718.6838490527778,0.3119725623660672,1608.4190040854808,735.4602359822837,0.3021380932614634
0,0,0,0,281.32074280997983,290.4876495138143,292.2327162928713,6.480733580471904,6.528164991950239,6.087475886057413,0,1795.8182180547435,648.8929613726971,0.28260294690104,1749.3168900231612,738.1867582046643,0.2855852991332452,1653.516266456927,617.0095794512918,0.2806901794641609
0,0,0,0,270.18594441606,266.31314741021555,284.0105206565933,6.264079390334826,6.252927824674694,6.403411101147963,0,1734.7006910624602,646.831194688953,0.2883392376399856,1571.4641815994953,637.2199736260474,0.2934413941702485,1626.9671676372436,668.2281051661835,0.3059305148157733
0,0,0,0,278.65942071076284,275.37915792348446,291.9662762949117,6.316622544902067,6.383974764879055,6.465823920174602,0,1511.0545609732687,640.5713200616308,0.2851095567590864,1673.297004463198,711.725279819653,0.3009965366401716,1788.2479272180813,618.7177334065357,0.2746555319626074
0,0,0,0,250.2598908187865,256.3478308994772,261.4007283181343,6.4231485445655805,6.60833702449647,6.191671874903466,0,1802.3340252407809,627.6354412322587,0.3108930121204791,1612.8022890131977,641.1527753944569,0.28793879832992,1575.7655533033044,726.1857603974094,0.290743039145569
0,0,0,0,267.1238034571414,259.8116235934476,286.25445556918675,6.399639078160145,6.1312655060473045,6.079039579395892,0,1741.6066388812512,631.4913355317245,0.2866821734702536,1722.3348296435936,652.3022564912133,0.2897776463556184,1660.997381431426,651.3541944744975,0.3105964574382139
1,0,1,0,276.68645430589027,306.44155320991024,258.9425707690901,6.52348716415668,6.397552797935076,6.398026550125131,1,1686.2066728897753,601.1631437555297,0.2970364206925914,1768.233129657904,750.2245601900405,0.27587413332721,1609.7696520230404,731.2299270919631,0.3076494166645301
0,0,0,0,269.4619549788869,276.7797396984424,279.52609041303623,6.163244326419667,6.439312702219275,6.117726030376794,0,1763.1005828833993,631.7800521955636,0.3059695984512532,1527.6723585465938,713.9483105817842,0.2863427273649023,1716.577388609437,734.3707062046147,0.2756375929675861
0,0,0,0,255.1540721224794,265.99851942966603,254.78781920216767,6.028272752195609,6.264108585326881,6.451283570910237,0,1716.8391523590012,675.7468497497657,0.2929601163428016,1693.5329938830416,696.2395005797189,0.3114283623460567,1607.5703012676788,674.857798868684,0.2991027886544188
0,0,0,0,288.28405512152904,285.47305656132033,257.833749051044,6.640755218893611,6.190171433345657,6.2160330570754585,0,1545.362226921066,609.1943029614825,0.3013359085609534,1522.3150102092866,638.9564491822674,0.3070481329342807,1549.3349465646436,664.8334841280139,0.2687358403659877
0,0,0,0,278.6581995912272,302.43217910878815,284.0805398113245,6.0561074005026,6.428753655364969,6.640481504993531,0,1769.7219001127874,626.3426920220063,0.292644895106936,1673.0826698469227,672.2130164915901,0.2807844895311236,1691.982061910095,692.6027456078166,0.299714309738042
0,0,0,0,275.66821559399204,291.7474749293324,288.8436954672235,6.0513789000194445,6.1437953237015535,6.231346309107943,0,1690.2367843952998,722.1275087277577,0.2754488670654969,1674.036696620192,640.4917031408746,0.286277359816883,1692.98919779725,725.148326730624,0.3089216141759456
0,0,0,0,262.8673283846148,283.3127901501712,288.7946271743679,6.266068988388976,6.549816525994476,6.092224538174703,0,1553.382776248191,726.7397854159196,0.3108914289709638,1669.0936292473175,713.9101825949285,0.2693710234230296,1745.8139549617088,723.3103622694074,0.2986880224225917
1,0,1,0,251.84762432673483,305.6295224253195,280.2946605992771,6.205184186746274,6.367274035087964,6.33772162825779,1,1590.3429543340117,643.0705688000633,0.2713156888432483,1597.47802081193,682.3356106260965,0.2861290788956263,1776.4044302600432,684.2741854221587,0.3119659363278055
0,0,0,0,297.1111136540078,274.3561040706302,264.03313429056766,6.145292985377906,6.572578696624272,6.062614103929171,0,1813.2069546302184,610.8160587250161,0.305726087088693,1784.4780345611991,739.3170334015891,0.3021734244191705,1607.1315295301697,639.9831000332226,0.2980417918484136
0,0,0,0,269.0554568173779,301.41670743015175,256.89796536338383,6.630851744940308,6.600940583895944,6.329423761864536,0,1716.5054576459602,704.2457899374685,0.2734318716531114,1657.8257207173576,711.4950718403458,0.3009930986822601,1605.716424996727,636.2651617387141,0.2827023210176915
1,0,1,0,253.62492661708265,307.25208308562634,253.09662661579705,6.029648420860886,6.29044955630404,6.416912075409668,1,1547.623311842466,722.8538970282922,0.2930936509507833,1599.5695819795783,697.5457948844339,0.2857691470280202,1545.8544357175465,701.066135367799,0.2959452545121868
1,0,1,0,258.28041984570257,308.8847519091699,255.1070769739237,6.052143086968511,6.053133584890219,6.088219961967724,1,1763.1794039414951,656.2576463378456,0.2699257562914164,1726.961317631714,764.0848540883536,0.2763936288773053,1574.4495497040234,630.058011268176,0.2979110921917033
0,0,0,0,253.2984406321811,270.1755368698181,296.0118569748478,6.335764018676254,6.4116657110402215,6.2960247300811565,0,1835.2774546746937,703.1197475331121,0.2961909298459254,1671.1159343213187,686.3906065445166,0.2713172456314413,1538.8346644080225,666.5812299904344,0.2848853122393135
0,0,0,0,295.78490396187294,280.017959243927,276.7070760904247,6.477673230607756,6.028694852757579,6.147585440575067,0,1759.354159458191,596.8786054299646,0.286804994347509,1582.2824925214709,732.958263374192,0.2716167342281171,1479.0130283179396,649.250645200766,0.3112030187508693
0,0,0,0,294.34134045174363,278.5020645667306,265.13202443569844,6.620702824322327,6.551288227640655,6.477994811429452,0,1665.3812857824562,609.9387817067468,0.2930196232384429,1528.519134611396,695.0515435503405,0.2722222775076784,1631.07239589869,667.6943899912915,0.2839645469843394
0,0,0,0,275.3484845819004,270.690072966315,249.4016559633096,6.510209771917981,6.45234947205873,6.582026953383453,0,1800.3487778977512,721.8244274896629,0.3042858279952705,1641.3843643818211,662.5062951346526,0.3045527899171332,1626.306159871126,703.4780958311724,0.2963740645886742
0,0,0,0,299.5369369640269,261.401500099262,251.9496039217704,6.416309175418198,6.4835715544066925,6.464685113498304,0,1707.4776474593111,604.2380869641346,0.2916262715680496,1666.1895427667937,721.8025782993336,0.2671502917481916,1498.668284215885,625.978753786719,0.2660506153980878
0,0,0,0,302.9449576335872,296.50585716613153,283.5758354566542,6.4801380413703615,6.435399235403116,6.49508973320067,0,1620.4391707809984,634.6552042832699,0.2836718406158501,1557.4776983801987,651.2810465667807,0.269804916406587,1561.9186852525586,619.0891610736512,0.2693330759546039
0,0,0,0,303.57558913459616,264.5223666322195,276.43186989581875,6.200320635247657,6.093416446348716,6.037955895163071,0,1759.326865569947,678.0715683341416,0.2851917873429673,1700.3598909046425,734.9569217265081,0.2953347190657249,1792.497708111738,725.5953239767941,0.2792020457527734
0,0,0,0,304.24795268600343,289.8628507801282,267.7418185166175,6.394289008607998,6.097665598088642,6.2848196099894285,0,1696.956548221729,694.4005520939451,0.3054582788417833,1608.3626884360565,756.3383182757511,0.2757120106342922,1619.0710968886451,700.1557205476354,0.3096664363316728
0,0,0,0,263.2032593609407,269.031773645764,261.1514848619268,6.0902179411709545,6.533295515387606,6.48918543167207,0,1568.4258952713617,712.772763812823,0.2976333131500263,1782.2552081644471,744.9726149244259,0.3082057617743312,1625.9987066798326,731.5225978356593,0.2996131215583549
1,0,1,0,292.9483622296647,305.65370784469144,292.23002982673864,6.428647320015365,6.043882790354964,6.146515722374067,1,1561.7342186948554,667.5344184494882,0.3136105115519139,1550.7026200571297,645.3758238356118,0.2991758597873118,1640.8517680470366,731.3451912497977,0.2998150857056321
0,0,0,0,279.94500964890744,291.6845391125758,272.6541217442822,6.386988281106595,6.569632869072967,6.017314862394188,0,1672.2281473817518,634.7892225190669,0.2938241202966359,1707.4333654436691,733.0741527285196,0.272691352515874,1555.8980427386612,715.7012143441448,0.311949629554051
0,0,0,0,255.34636808908223,294.16838112081484,277.74659437326807,6.267447872053878,6.406655905358777,6.014719194857684,0,1769.6265622163794,622.416043007801,0.2933555886929361,1558.418185079441,676.5395750315334,0.3018814555139166,1724.4826245937422,621.0564663228065,0.3004209610542915
0,0,0,0,261.08172070037404,270.1390316334233,286.97020495736774,6.619751351445966,6.5717404604810365,6.57217696596269,0,1625.3437562769163,638.6770657929785,0.2742034049065081,1827.1207742971835,678.3405133617632,0.2861949775286725,1669.4320254886388,669.8357460570757,0.2848146665770913
0,0,0,0,288.4607194935028,258.1873138332577,279.16204239846724,6.015347096496236,6.389060259703754,6.366706217569027,0,1709.3660316462333,642.4561761742184,0.3046297375030478,1655.801573244691,716.5213541285826,0.2682351482218029,1658.8169034816954,698.8613940883855,0.2971758561923883
0,0,0,0,294.5329892622764,256.2513429025682,275.7156588816546,6.1841011194267566,6.228219811996589,6.289959121926275,0,1777.9665474332608,661.3458666839164,0.270816631194517,1756.833639248605,725.6278460849297,0.3021071803466686,1523.3729722206303,661.163059293752,0.2858171406385793
1,0,1,0,254.7590958558124,305.4134107325925,253.79296814520987,6.152952953827142,6.423489392169628,6.270789616102017,1,1702.2328481674913,692.7585101815966,0.3142554184955108,1635.9475245322994,715.6646816437158,0.3019684957261548,1750.3159918675467,668.7823167718072,0.292275549240327
0,0,0,0,282.4729549150693,254.31989968754604,298.9834601165717,6.130079778708531,6.543270371700742,6.175487803075084,0,1623.438825652105,639.6799726736517,0.2684185081406201,1586.6896550288152,699.2090591301841,0.2791803568439546,1615.8757744583197,735.7309350408605,0.3049279209375295
0,0,0,0,260.1723507188253,257.4908797600005,289.35748550922483,6.5213671622344895,6.477558521892626,6.111963910337813,0,1655.4757977812171,659.3231872995979,0.273476914032745,1660.950264058761,687.8909032009939,0.2993409851009321,1675.0636676634444,634.7561173189417,0.300685256113794
0,0,0,0,286.31415027595165,267.6713488350744,289.0214658474085,6.618827922853407,6.172956613028279,6.295996377505853,0,1525.517208193202,602.9682144473687,0.2804884539051177,1797.1759810145657,661.7922683946305,0.2779272471828199,1729.6353644291491,625.1721108845519,0.2883260437569314
0,0,0,0,251.70622708217587,276.06905414086106,300.2317354748153,6.05296822472317,6.236519475386251,6.3658732231309845,0,1805.140984130624,613.8432976945484,0.2922869685026097,1795.0413998845395,630.0618284599032,0.2962653573130175,1782.1179120882869,623.3770894736696,0.2851038003319577
0,0,0,0,264.2839605542131,264.0957282628675,266.496540167411,6.475905054413501,6.374574956825293,6.083607530761386,0,1830.1356687538848,629.3618607223316,0.2980276657928359,1650.1369115315322,762.458278620199,0.2936790763621946,1524.6166938349284,647.0754497536624,0.2772411214171262
0,0,0,0,297.06620353134,293.5918013643596,272.4751479208048,6.368552800527072,6.05939572695851,6.318116116570151,0,1677.2465956896904,610.6046815376662,0.3077389198747591,1731.216318141638,702.7565281280897,0.2690247461809492,1529.3786839383197,745.7230128539248,0.3053046794872023
0,0,0,0,286.98412016851216,256.4605788586404,290.4986079834839,6.305933844202164,6.341118177519227,6.138828974060002,0,1639.9762986382077,681.5527712972342,0.2929004459758689,1763.9829912598325,691.0105660646049,0.2676315678295398,1559.8124613985003,638.7755586263119,0.2809539091225629
0,0,0,0,291.854843595833,301.8981151999196,248.78294035441525,6.342070861348802,6.167774416592157,6.052670161257814,0,1570.9002622761172,711.5693794007135,0.3086556177942979,1645.917389402479,764.2674887073572,0.3013301838913075,1627.1105195673915,740.7277965502703,0.2907215125674179
0,0,0,0,277.4785504460638,296.5597275133491,290.8599931739729,6.080072742598548,6.627362354448462,6.376899530062278,0,1721.783557752782,704.1958537292057,0.2851201366873149,1563.6511330976748,699.9407041514129,0.2786380564383581,1683.047655374089,725.4857691894814,0.2840345499775693
0,0,0,0,300.64580059795907,270.76622974022257,255.0225675047061,6.3507066123894615,6.559408767042451,6.139241474651727,0,1555.2321145836336,687.497123786878,0.304585606006497,1797.1389735132614,665.6043174622491,0.3112288049230724,1535.426445971035,738.6421629090578,0.2961369394097577
0,0,0,0,258.28482980450065,298.13323340562016,283.9944303342553,6.292025917358797,6.336497553841557,6.413017288289629,0,1707.9332167958228,606.4625782267319,0.3087892651037393,1817.411387453068,685.2309793302338,0.3112563629309081,1529.437801946021,736.9904233667214,0.2855112252124141
0,0,0,0,258.8471986890433,303.0043726869741,292.3002702984109,6.021290307994256,6.066829778186124,6.353613472279752,0,1689.3883325281963,665.2020568010361,0.3011008566280391,1739.081964633558,653.1346054666689,0.3053626860877552,1707.84811948474,659.2674757991562,0.2875575493983356
0,0,0,0,295.45728056088547,271.80316170287466,260.471882076315,6.304015684506701,6.12658669216473,6.101247035680961,0,1621.9573086808043,660.8108846954059,0.3062352855857481,1732.6054980464662,742.1111522023187,0.2699098339949013,1589.090555497813,677.8911623493494,0.3005658472200642
1,0,1,0,285.9917139126306,307.99875224895857,285.00596721522334,6.406345364642497,6.418154899025456,6.055477525734207,1,1620.1465312569733,706.7554134689278,0.2894045232761567,1537.887598802827,721.2382291444668,0.2804148679222035,1532.3638033537836,733.4039487600406,0.2761266955798849
0,0,0,0,296.31252327348807,270.1225308393789,298.8529774564723,6.190086178469873,6.151211936443343,6.562690772286414,0,1717.1431265977417,687.2657645174779,0.2913550049441225,1506.9469822535325,669.37228365608,0.295768018596864,1726.1458195512516,724.1894022904203,0.2966378760611836
0,0,0,0,264.2911263320645,278.0904823025052,300.9684340527558,6.587546310536175,6.3080941003176045,6.081471777045025,0,1726.4420230027408,669.5738889017207,0.2724164868067489,1783.3168460834431,703.189869704526,0.2830027456918151,1613.5457408216112,621.975774968622,0.300147841391264
0,0,0,0,300.8116101780969,295.3427118075206,264.0370885284526,6.190568028858868,6.52630355990922,6.5362343560293805,0,1789.0824135553205,634.083952569643,0.3101261464548439,1501.899835247666,761.1770695339806,0.2992082024288911,1567.3188952244352,735.7341652825066,0.2707577246241325
0,0,0,0,288.9086454686234,279.3110098986448,288.1309435809641,6.355561321746696,6.207337314944524,6.0418738237503815,0,1534.724636828302,627.4252625173444,0.2677681836438087,1694.8231861701772,668.4375216505033,0.2792362144185268,1770.9969408239976,732.9283104313797,0.2967699827424904
0,0,0,0,282.775661572362,297.62589364,275.9451787652421,6.5781196352724365,6.038497373323216,6.051680694578401,0,1564.3723994290303,605.8678310183336,0.278476237844568,1689.6537564215737,765.7232726310648,0.3052465771915968,1747.5531530354438,698.243918952771,0.270867944245574
0,0,0,0,255.0509564533928,285.10122981647635,289.81726668122457,6.589085584166974,6.344249123493504,6.392295108677755,0,1725.9304912583605,705.1463592805297,0.3086271884816422,1638.9989753517584,671.1837036496389,0.2855390909681877,1767.597234136666,676.9365724090572,0.2939254800963069
0,0,0,0,284.89019534766726,258.8188235818666,280.297778277054,6.387842469796658,6.260058714024013,6.481941358278204,0,1737.0935168054616,626.835088512502,0.2913412854446173,1658.0268878421132,717.900623876547,0.3096848532610343,1640.987264088401,703.0539378486122,0.2688065076592006
0,0,0,0,263.9638205683394,268.5206549553086,280.85440083918377,6.242355770936988,6.631831083801454,6.189020725114198,0,1660.2525463208449,601.4590289773964,0.2737854695329722,1606.0621392852338,694.1876369552214,0.2743773729561568,1542.8894073110705,686.9594225941355,0.265741280023999
0,0,0,0,250.26550709268503,298.0760163347799,269.10729989945446,6.151976174785293,6.378829846818646,6.066520560973028,0,1514.7537978017658,609.7124636663872,0.2831606129496554,1666.3377396903036,667.9151456481733,0.3088060740694558,1677.306176429867,631.8098019258989,0.2816570375735925
0,0,0,0,278.01151083761283,260.3514417265319,297.1662499604912,6.566675373675223,6.190532969742022,6.4632355767657375,0,1667.281951585548,688.3386027137351,0.3139946472921394,1627.081083455906,685.7976947412437,0.2844357863224275,1674.303223776078,658.5858812386937,0.3040779128341009
0,0,0,0,302.86495959764665,267.440960545693,268.3832260862651,6.533112088888641,6.054238183224251,6.300107338136887,0,1503.0155687987672,679.6246594296077,0.2695943665683283,1696.630904711851,722.6890653662329,0.2705580214614844,1596.0106598262716,632.7939215164414,0.2851110373036165
0,0,0,0,291.5454052143234,290.5426970477841,282.24559807035905,6.058256431496259,6.44635525695987,6.589319714687291,0,1529.264091088436,642.3606817363756,0.3115857006361656,1616.225373594274,709.7405073254153,0.2656741394124984,1675.8334152771872,735.8635379920944,0.2994014709819197
0,0,0,0,256.5334032787329,253.61806761121989,249.6936078202844,6.584544894445791,6.283822737624037,6.089244025088403,0,1524.677758008365,666.0710841193151,0.2738850987201948,1593.993005588835,694.7393368047703,0.2922129546991769,1658.1555289911637,663.2136510087576,0.2996451112250249
0,0,0,0,286.05523232982455,268.4400937421446,292.4848508409841,6.548560649685351,6.210534465046218,6.554058296025307,0,1733.7075832490502,652.3054738152366,0.2989137095792308,1758.192654781723,689.2242025763636,0.3025641999362589,1775.5008085056031,675.2392541266498,0.2804222437716786
0,0,0,0,282.16367441090523,274.01486628902444,266.2971193924144,6.248254720587549,6.122215902939854,6.109149038847975,0,1703.1840506884853,688.7788286110052,0.2996416299552375,1639.0328588480786,646.889782848085,0.3068565412466022,1483.3814363936394,704.6586259332987,0.295322206906088
0,0,0,0,268.7503433285934,287.0128708759006,285.1129635035766,6.058702191402785,6.247444499942066,6.100349106824235,0,1639.2628993728497,636.5978465984781,0.299109571496839,1568.3470049790662,764.6919554521878,0.2864472758719781,1634.2098290190218,619.9918233454849,0.2891639056074379
0,0,0,0,303.3622464431749,261.955535095051,296.7525711840323,6.256505165185751,6.031329349646567,6.084900411235688,0,1515.5132746492704,599.51492579409,0.2854769090648282,1747.2985626885918,690.9106790115849,0.2787366553283202,1788.3774465471674,659.2149743442201,0.307105045380995
0,0,0,0,283.31538850213974,274.8540755854481,277.7182918253739,6.536599224569166,6.260692399507988,6.354189971196802,0,1831.0425310292403,633.5794616401333,0.3125008714703013,1609.067296594172,702.4596531925978,0.2724139880207532,1724.7812554810414,730.3793584878091,0.2861180105954704
0,0,0,0,266.6255420039949,268.15152360031175,254.93932272795047,6.177463803303774,6.628591458816914,6.2923920036201695,0,1567.475433840492,603.0466590545248,0.28332975553539,1681.3105424691128,675.4098880644328,0.2923658837265049,1680.3112607708722,683.1696912899948,0.2843066701439884
1,0,0,1,305.01846255171125,264.2764246210584,259.8056071646584,6.570531638145028,6.266788635564159,6.621428173909393,1,1710.6403529539673,670.7563553372876,0.2964474749570624,1509.0313483744346,693.2826337713394,0.2906135505292186,1773.1470954037486,715.1098503768609,0.2904724968909905
0,0,0,0,298.1406877436395,268.4618142366363,301.19852638796675,6.096010320593375,6.57201900677044,6.317300557335087,0,1766.4342071843237,611.9347076069615,0.3046303660725377,1809.7375077206057,647.75393278497,0.2868532183170604,1758.099363913301,696.8407171776188,0.2830675395193666
0,0,0,0,265.7067030027964,280.6352563157998,292.7649231661484,6.141946152195671,6.382142354793927,6.495187897901613,0,1756.847766657256,646.5642360071247,0.2912899713760987,1783.6537711599567,763.6752586562278,0.2842749409612546,1663.0351432344507,747.1401837519311,0.274875564385839
0,0,0,0,255.90634895639025,256.4709495293067,298.1978121818407,6.553850845843443,6.576055903694333,6.0235062822332655,0,1649.1195612096649,707.4859662673588,0.3092925365082971,1644.9466114208649,698.1436421528717,0.2945245295191622,1631.3429310016695,710.3962810463563,0.2993421543014953
0,0,0,0,288.28940059894023,268.6300216279967,284.4835864432101,6.098404748212752,6.149983667716377,6.535648803305412,0,1602.4573946131852,642.8825643173941,0.3051125476754219,1814.1939768780787,628.2559924211405,0.3118980160459165,1571.6123098636642,618.181305493172,0.300052520277941
0,0,0,0,296.15170802547755,289.978757520866,274.0867735672455,6.482016582003939,6.501736542558102,6.060544945993498,0,1550.1889014927776,695.1090666760716,0.3034380425097085,1777.119716558683,712.519370069619,0.2693467006137809,1608.6271716653505,671.9693484078853,0.2685758945313036
1,0,1,0,269.20651604598555,306.6502095192242,290.9512775549149,6.083569576572926,6.347498211891948,6.458840181084821,1,1772.3524989760858,720.8126570514977,0.2705930551417451,1595.4972203490422,637.73080784483,0.2886292157456955,1491.5034168777377,626.20403153161,0.2843579466246723
0,0,0,0,266.23452822954187,275.7321728017096,282.48629343770324,6.160404628808017,6.590398219870553,6.630889670060316,0,1596.3168427953,701.7320870069086,0.3109964360620752,1602.787315652561,693.4067768031712,0.2757781570977888,1672.8569903084056,665.2193450503413,0.2958335806779895
0,0,0,0,256.6645560683983,288.0811835402683,292.4910287340596,6.575813424626392,6.061997053599376,6.520138864409083,0,1670.4663587686775,654.8748609012227,0.2948068581089167,1722.8332573042628,660.7312764718052,0.2986129832013084,1656.1424504367403,687.4520247132498,0.2721770721220847
0,0,0,0,292.88721827038216,288.3495366679408,275.37824996488325,6.185106709635161,6.050949564294042,6.041056950678096,0,1668.3333102035567,633.0328213637354,0.2734933406487688,1744.782641502813,671.2729088780934,0.2652063036326099,1565.5646987929197,713.032946239211,0.2684203421063177
0,0,0,0,296.44007309560527,258.6877107744842,290.64446909899755,6.0157279346444295,6.244683345454687,6.575768855793337,0,1584.9043634908387,693.4519671577801,0.2820954708930701,1585.799578357471,744.4427910232474,0.2798646825429847,1617.2395659049253,740.8267942331328,0.2831606841615088
0,0,0,0,303.36563368353086,288.5268437440547,283.9100997608344,6.069828483234197,6.462306773273856,6.622705540295324,0,1731.8800308413906,660.7581693677387,0.285460974510567,1497.364461367927,650.2839094798571,0.2985705551696861,1724.4980404736698,746.417913051314,0.2983973558302389
0,0,0,0,266.38785862366194,273.1996368565137,258.76880195983045,6.080003888486346,6.6225004591425085,6.244720523579825,0,1763.534084868605,680.649818955993,0.2694553038176772,1662.2600176630954,687.3166123547136,0.2866203415214549,1596.2598544691832,623.3903917544321,0.3014438767293977
0,0,0,0,272.9643260593034,279.5085344846818,263.51780053083075,6.533733424757059,6.573960865260435,6.097848319812389,0,1786.4134264992524,623.4690640121379,0.2981775500176549,1567.6316671887923,721.4661357048009,0.2936427993214274,1688.6388249543115,717.3630587217252,0.2802704743886463
0,0,0,0,285.6411061753189,269.11625144931844,261.99510956179114,6.263419961899929,6.249466221765727,6.540085177245146,0,1740.6237443742114,621.7782355026983,0.3091569707076289,1515.225236534294,642.558888640422,0.2893423370469369,1479.856296889245,668.1333808370376,0.2812879721994653
0,0,0,0,250.91307006854524,282.80577669580515,275.81255390071914,6.092032709199343,6.393448792351267,6.440145196002677,0,1640.6030496814503,660.6325417793588,0.2862455949164004,1499.212929546361,691.6870913279323,0.3102917644735391,1577.264814440382,722.2098313414831,0.3016947047592292
0,0,0,0,278.7823565657578,298.33290327373794,289.7767231114107,6.631107229859276,6.092669642346644,6.339165062725966,0,1544.41262640653,597.6614359290866,0.3034962930176804,1584.2004617738753,629.4667112067793,0.2789268429845304,1589.1410941659892,667.1262355658831,0.2655467506981029
0,0,0,0,266.4849252904219,303.4710867907883,263.93622901848005,6.4225054542819775,6.512555219110287,6.052980392849143,0,1827.7641849939937,707.4981356759838,0.26829583591637,1755.3307930034575,690.8372130680397,0.2838266477102707,1549.8525090150545,649.9904085666209,0.2881623440492562
0,0,0,0,291.33811345424846,297.0981215188492,267.3853760527899,6.313222145179332,6.644367786618653,6.154026758769321,0,1521.8065289740475,722.1492767810213,0.3116327849786207,1676.913720975238,761.1712163875812,0.2687383159008639,1539.2314738714251,635.5022742154654,0.2946434124407002
0,0,0,0,293.2189894310904,274.7800882270855,263.2541909349968,6.379361320865099,6.4434801987689,6.308809176324979,0,1551.5619872038485,702.7431119933373,0.2971685977761031,1582.3129993597915,675.1193919471663,0.3081383374585771,1766.816396289915,713.1349462629348,0.2683975544791496
1,0,1,0,258.0182650183685,306.80867005833795,251.479599158374,6.018273570126807,6.351984096369241,6.185237080086004,1,1713.1497940815082,654.6530585076547,0.2735143925533755,1576.325458926575,696.7741003975547,0.297006231572003,1739.5525283718944,679.1665880231997,0.2910904724375463
0,0,0,0,273.8699444426698,255.76948779772272,260.587449901356,6.041097785694169,6.550840205237302,6.619275537565243,0,1557.8347519847391,654.3709904440129,0.2770464280273171,1822.0872535715573,737.5359417769577,0.3051571343357784,1539.5896202437743,746.5078953713288,0.3120906172556381
0,0,0,0,289.35485017502066,286.3260387140928,290.8457436237676,6.634354359349588,6.06282401486295,6.585910198727867,0,1692.6551182269147,629.7603575548721,0.2877876893424673,1702.7966671881427,763.7363574187847,0.2740970380098784,1784.3727994385642,747.7000493960732,0.2899137174074342
0,0,0,0,304.1001350516884,266.8638236199101,289.6934708479778,6.4926722149119565,6.422254408045181,6.327101198605053,0,1556.4730447213294,658.5201965540117,0.3010526482521232,1717.5088864472316,649.6912569027979,0.291645992622789,1479.0072403043175,617.4587098787802,0.2822101580983284
0,0,0,0,301.26229467933257,300.6312726634648,273.7165165229907,6.158057827953492,6.478142528618404,6.430584993924202,0,1714.299000440864,624.803042856077,0.282350073345781,1527.6271365606028,686.7554822002077,0.2665651449385984,1513.8835799804926,655.7803257643434,0.2841219792381093
0,0,0,0,300.8923624889039,275.0213828419132,266.914998107427,6.642020559662427,6.494231092920137,6.509755310549719,0,1517.4883138581822,696.1120170666007,0.2847101230642038,1801.2222128480812,759.5214885007961,0.2922093370265934,1557.3149067482718,693.4641693604044,0.2822827342557736
0,0,0,0,286.29615721226133,281.4015805201396,294.9219202146198,6.165477703883331,6.156410484506133,6.190156899613783,0,1566.463457736879,716.916110833156,0.271983376984404,1508.8553060351892,632.0397901030907,0.2734003789345527,1786.5878433256407,695.8671935573543,0.285938708124
0,0,0,0,282.04653210084814,303.2200210597358,273.46623633067304,6.340369743880522,6.615949838908416,6.3262432676410105,0,1755.8387799636905,632.7975611345533,0.2838296592972875,1792.6229662916,685.4660445820241,0.301721105540722,1542.1314106808568,697.1692014676148,0.2742038001430776
1,0,1,0,268.24847209221065,305.8446338458814,265.5450045731462,6.554527017021386,6.33758285176999,6.450317634408267,1,1571.6329897352548,604.8343322221511,0.2704370413250275,1632.0129444444626,740.0071997204813,0.3043166534262121,1727.803777398704,705.8675557580501,0.2725855625877179
0,0,0,0,298.46902879686706,260.14781911938286,250.2923434937868,6.354546069990839,6.501376068036706,6.627154399965633,0,1596.8069651808771,651.683209098917,0.2689548102456418,1495.9178676874303,685.0644494090656,0.2896534764748055,1549.1608685792255,657.8773642695531,0.2797230400324813
0,0,0,0,262.6327330807553,290.2320928085764,265.16605193167896,6.014242899904193,6.486397781789494,6.462342527158077,0,1746.0119883785903,723.3474845877757,0.2777587710702232,1777.952089452627,685.9093070534823,0.2793771663839721,1742.7694187276609,641.0908535166537,0.2828619195655246
0,0,0,0,299.9157197235129,286.16172144161857,256.4848633925383,6.523930864096377,6.435173547499914,6.505378138152544,0,1831.324745809289,695.2176098959212,0.2857224870617998,1521.9947008911583,702.8901172876144,0.2983962147725181,1666.392933815452,746.6163468898574,0.2674708180043261
0,0,0,0,264.57090715707955,258.7227640600568,292.7642306314331,6.394081574519203,6.341974309271431,6.45259015268478,0,1601.5105982600055,689.9482714104746,0.3029704324042423,1665.0821125725415,678.475843960293,0.3088608835682606,1709.186746838789,679.447485301481,0.3086319266467079
0,0,0,0,288.40393812110244,263.9351250941943,285.8216211272568,6.474740432406899,6.235251965195733,6.471476977614986,0,1790.200678023147,631.6828737010086,0.3052367264506483,1607.4794171308038,763.3667817144061,0.3052859420714029,1659.2799677012374,745.9137017725066,0.2887330559058719
0,0,0,0,270.9663432519766,254.3762057766948,271.34094885283764,6.116508107570958,6.547893787590372,6.160096471213339,0,1764.9971086850387,692.5971936872261,0.2853056733997463,1499.7096269557146,725.0731198939527,0.3106080327351795,1706.0873188120863,728.1168935113303,0.2910835936415804
0,0,0,0,303.5297984822213,263.0365554640432,294.84088627124106,6.046015267435056,6.523198205070576,6.1109293406719605,0,1671.0378561963037,690.4814735246324,0.3078568315480171,1679.647833881429,682.2759969411175,0.2713642633375016,1576.584329743953,655.9392550558722,0.3063090808351748
0,0,0,0,287.1884702384781,299.7761715805247,277.4516131748843,6.517593390794194,6.590383057143994,6.193418238284258,0,1586.1210588134309,678.0994247808668,0.294141156438561,1499.9552188106272,720.937587481814,0.2676259153988033,1575.5972789686975,664.5544315457589,0.2945908845713075
0,0,0,0,268.3864540939301,269.02342795310466,267.8382079368441,6.477093845042636,6.2906199201878055,6.609038174157301,0,1637.5595700295648,604.4631764834123,0.3041376099064589,1723.7729113613348,673.3447760247873,0.2678482087076663,1685.3919789758368,708.1720116601902,0.2951057522312567
0,0,0,0,260.88804355502793,268.49281815056054,257.1466871588443,6.27810696929946,6.290146227224153,6.625634704404378,0,1753.2222867693995,608.8321887307121,0.2802840917259632,1821.8134054972857,636.4266698498303,0.2894752065370118,1512.1793781362665,671.4893140613917,0.3000532448728346
0,0,0,0,288.9568618440838,264.50244892783826,300.51435483468146,6.280888772581121,6.322458701257997,6.39337954776996,0,1618.1930303732852,648.0292144056826,0.2796439591412631,1585.1814233720263,667.075333463453,0.2959361837706092,1500.2728429110016,626.5712689139483,0.310057511229948
0,0,0,0,266.3455846778632,267.9915593259652,286.1216667827347,6.071586560850484,6.026109898526712,6.397410493379557,0,1702.5063997514087,677.9372959824027,0.2977603356019294,1816.7095558626925,661.9799352005068,0.2968380302808592,1577.6068717246444,653.3443787979437,0.2934840923779549
0,0,0,0,297.9256295781211,294.3631003021265,284.6644151449293,6.612573515733931,6.575757649141193,6.269680226946629,0,1537.8536066168922,615.9051994854049,0.3117276479349555,1563.2742209466526,708.8940401086419,0.2980133330187378,1480.0862402311882,696.0457283666623,0.2773411404438979
0,0,0,0,274.8381157458533,290.7612461289803,252.3800790452828,6.619439630927755,6.635298044385272,6.484972648788125,0,1635.7258381134525,706.5376295196726,0.2760730228944105,1529.7858480220527,628.1802841100524,0.2854916746952063,1774.816858027373,675.6549639607921,0.2776039737683157
0,0,0,0,273.95807227124703,288.8065819855102,295.5099039638193,6.471237999742694,6.169817423693489,6.478859235316757,0,1505.516069865639,673.412801103331,0.2961000362757732,1733.2832145865482,639.7553069224971,0.2745258517466463,1479.545609330865,650.2331483425198,0.275528277061563
0,0,0,0,264.8751673326128,287.0664126854495,291.5323966357317,6.170010383391762,6.442683085156537,6.532177692154329,0,1523.3697381487902,656.1438674336805,0.301731716669501,1522.8900427246351,759.5998125746131,0.3044414178238535,1780.770068425811,690.7500496116776,0.2748665458704316
0,0,0,0,284.0838259079732,273.8214953122856,267.5374963124824,6.483539127861932,6.599679908472013,6.577967098294343,0,1748.8742706872602,664.4147014489822,0.2704111619499115,1690.1996236424154,702.0310963093646,0.2777823444730866,1693.4977008053295,724.044204669411,0.2867694164040529
0,0,0,0,284.831325624206,289.4605722722151,271.6848537566405,6.170531856662275,6.609505243188702,6.02527631618225,0,1738.0374353944728,651.9972130027351,0.2880493543568485,1517.1913311068197,741.9390732054574,0.2788835295672906,1573.7188903663832,685.050317103285,0.2681151825570608
0,0,0,0,277.1056348953534,289.7894984057948,257.49190525667296,6.600152485854807,6.1813530422360055,6.43171474243332,0,1537.6824605454335,696.5662297488865,0.2864993235000113,1548.933268539398,649.3795397473242,0.2684990230560991,1764.0464266874772,727.7057431334827,0.2975818757509529
0,0,0,0,255.97117705658445,283.0652651137693,264.2044069369626,6.196359869756409,6.242563025795368,6.589637051514122,0,1605.9335914497517,628.4921366815835,0.2914658501886467,1613.5224790226791,742.4702799010375,0.3021389053013613,1787.360058373195,660.9644702205098,0.2820881421842879
0,0,0,0,277.9128081979872,284.0668391464672,293.3358582260228,6.609020651917564,6.335183857516341,6.554818860686759,0,1795.0849586800648,608.9903141585686,0.2857005878785806,1560.358994979944,746.6868112610284,0.2968808286442519,1720.3410707535809,676.365621313934,0.2940874488058059
0,0,0,0,258.74348734776817,259.567950419111,275.5873040222333,6.439714076353267,6.121217973297338,6.113517153251825,0,1562.3433915501066,687.2391713848817,0.2780088866128829,1496.5762362142443,727.1687408724752,0.2994763690959321,1502.4279977781705,618.8404824059893,0.2732486354241539
0,0,0,0,299.3002993022644,282.1473438721246,260.1602559103051,6.16619799006033,6.401441929258139,6.150339331541353,0,1620.7797087210172,609.3578228943092,0.2776676688522095,1577.4753248208071,635.0652836021094,0.2835003382751622,1789.6702285587676,700.6159559416969,0.291573088395946
0,0,0,0,272.9238337476149,262.611486865149,276.552873463113,6.284823184174613,6.33327140814517,6.084429421677975,0,1683.0943293181533,687.5673420612516,0.3002895217683066,1632.8593070610762,748.3184864260435,0.29475040551302,1673.5600249483566,632.2706684360398,0.2812814613985888
0,0,0,0,257.77058588649174,264.44530496546747,251.0843027050083,6.451378777093485,6.338143103106375,6.311509092173797,0,1571.3579682831162,647.2680035831647,0.3094143990980587,1635.2905217203352,629.5463676312298,0.3023010797152076,1658.8228693703886,702.2764621158884,0.2977457251664073
0,0,0,0,263.9016827331812,299.1329778398577,272.0901158246677,6.019626366049264,6.550635328583423,6.127488553040165,0,1744.041675240582,666.2945814948747,0.306606283039555,1657.1717540419183,673.5081134191172,0.3022449238812761,1755.289083958657,737.0769844054519,0.2873299454085002
0,0,0,0,254.04284886023945,256.72480997731395,250.94795368131287,6.258796158395619,6.57218358897809,6.421652668755536,0,1770.784046350877,714.7375311784372,0.2767770731420949,1625.362066641699,702.5088892391136,0.3105054800039755,1499.3307694477403,667.6369641263457,0.3031420447756462
0,0,0,0,273.9063783625929,272.6639276340061,287.0068486113631,6.64450648637349,6.2524727729374,6.426975283342139,0,1689.1558138260611,637.9136772800772,0.2775615823497424,1518.7561672219467,678.5167297997277,0.2869263627237957,1707.3639315753803,617.3663058688531,0.2756810510036814
0,0,0,0,286.5767116919601,283.7884692157448,288.6010030554594,6.319665590270416,6.05863255348063,6.51953365109348,0,1504.2671022216357,701.8659767782475,0.3036213047139727,1750.7230208458857,708.3544838873128,0.3017957269309925,1644.836137393217,635.4367588723836,0.2969270609611717
0,0,0,0,284.28870454608546,295.1187519769858,296.15054318025,6.4831414224332775,6.59173926646369,6.377667338120065,0,1559.214116094264,621.2172085665401,0.3091661420702246,1748.130193543023,710.2274260260766,0.2958134120929045,1682.329444230521,637.6486085361012,0.2876865424957727
0,0,0,0,289.6143676559137,265.0409557032726,251.5198498047103,6.184811309180293,6.2856065358052176,6.451923685520375,0,1570.0231089908557,636.9430987391497,0.2785700879431954,1797.7025205905718,697.6736770572795,0.2739946738221571,1600.516330998722,728.760886163506,0.2963814128441533
0,0,0,0,294.04732533405684,288.7327196125961,259.3091519862794,6.185446404031089,6.222059813287048,6.388106000613596,0,1733.6628743300632,630.3584495254111,0.3114604121394145,1585.506570659796,653.6243285107126,0.2977091968762264,1561.7838333591062,706.8697033621829,0.3036632596154575
0,0,0,0,293.0359614993912,273.6660247114265,295.6041888236806,6.494913675452566,6.290353512105768,6.165426553207022,0,1565.1711334435042,607.1136837219057,0.3001387705965135,1506.2687475548737,663.1898632890867,0.2667760557013249,1657.727693023771,621.558750212694,0.2967251336160034
1,0,1,0,267.7744782362673,308.9573433529447,250.9859366588868,6.581674886960464,6.5392922484029805,6.071472172062016,1,1799.0244137880152,638.4599365987408,0.3096636395651388,1776.7706394013142,661.7173792719683,0.292189672266543,1802.4636796563525,660.9503255378855,0.3005357496128217
0,0,0,0,294.6260437440489,276.074445864869,278.40351625178835,6.556421570082155,6.098922689816069,6.209329656012527,0,1835.58845187748,627.372687945591,0.2690858748197681,1503.3689336799923,677.2421532402403,0.301878950150321,1689.5245848404402,647.993105575128,0.2661571040818105
0,0,0,0,292.2769000149505,287.7856327913741,279.21515987612173,6.408126897857221,6.3733495435133305,6.638291957008075,0,1757.0161904876272,600.5710966573674,0.3066535237855485,1703.5515331491556,747.4693997521441,0.2926686285069568,1723.0860590295156,676.7878291308676,0.298624882784876
0,0,0,0,271.4500757883281,272.17963536657,282.98268071719,6.158183590242804,6.350728692907524,6.520427128682711,0,1701.7742815690492,718.2317237059802,0.3109922617020623,1566.2671341273854,765.7502475353555,0.3111163180882194,1709.4402981999797,697.4469001988268,0.2679826869922632
0,0,0,0,275.08851629852376,262.3676966388036,262.41800495655787,6.440436233545928,6.33342764447724,6.110254392533521,0,1728.712223808653,644.7888436307638,0.3115841105042594,1725.5813361995658,724.1585089213529,0.2955563031767805,1683.492759929438,698.2882331799025,0.2738861624153842
0,0,0,0,288.9893253620777,254.03619684632883,291.4071369050557,6.301424767327569,6.509961250016181,6.619461050573622,0,1725.449803235466,706.2155042821475,0.2751860287407352,1698.592869788833,724.5073783520072,0.3044256528294684,1650.7123730466728,683.1146149451822,0.284311748648214
0,0,0,0,258.3729266987103,286.2855226802959,251.93714941103687,6.375758926269662,6.241320886226629,6.395410616526688,0,1594.9839730471365,717.322110580964,0.2946807797549984,1513.1965776609732,631.4441127795415,0.2850120847463696,1763.8112049419378,737.1255891444408,0.2963596107980283
0,0,0,0,261.5675912833772,269.06621891035667,281.50562325635826,6.559569734313539,6.524868162619359,6.627347053755115,0,1798.3483742008998,621.4392846442457,0.3019529732774207,1827.421141288088,631.2047635305869,0.3071967225190156,1627.4639197182626,732.260608436583,0.2684064954471625
1,0,1,0,268.454692860347,305.68615220967064,259.89441400081023,6.05573012806576,6.070437739829383,6.308251661006687,1,1828.1477179223043,703.5171748653089,0.3073809442450808,1624.0964082237756,636.9188593696131,0.2750651171525413,1563.0710976624046,630.0487399914107,0.2733302908573922
0,0,0,0,258.0167392884121,268.60802024919684,254.41629211668248,6.629248151542528,6.522115047656524,6.173694695750189,0,1756.0111503549908,723.4686808642973,0.2879170972721812,1604.369067456134,668.7364805253558,0.2760812804353265,1591.509075953094,708.5164188750603,0.2684144961913146
0,0,0,0,261.5273452902199,261.6688681570768,291.461758081702,6.525405783831825,6.068938892733713,6.098194820333292,0,1551.548369273589,640.7562067771763,0.3079520014989446,1656.9867045271374,669.1595298625286,0.2915675114578444,1665.385417262434,685.4443586302673,0.2722334244580517
0,0,0,0,284.4843959165691,270.1873330835804,287.13150057955755,6.186518911697511,6.537370468667909,6.374807691765583,0,1665.3746997271444,606.3048900108275,0.2888527216309556,1514.8551723150088,685.3489004725702,0.2866545906493513,1693.743307967757,722.6285750785802,0.3058775426492194
0,0,0,0,267.2663675780316,273.841413056325,273.8423990419638,6.353867612041243,6.140142858684916,6.541825445852141,0,1782.9944460218555,726.3385562106853,0.3091241688490467,1658.6004773782308,730.3598366159304,0.2882522325112543,1593.5033400611694,733.9595631793574,0.2845421382579215
1,0,1,0,268.06350202726145,306.4438851332746,282.72090056012473,6.300676533991185,6.127682357453162,6.156839755550217,1,1757.0643818400622,612.0910003175004,0.2764444993616989,1684.6409429056698,707.7415191557411,0.2881144248239514,1656.195322546981,667.1856612269996,0.2964824444469608
0,0,0,0,257.6807311280773,263.23792106569243,278.68266702460994,6.374663987311052,6.539479259842403,6.101898250400418,0,1564.352424904657,632.2877497770871,0.2774955004185903,1590.8904334155272,756.2045735174287,0.3105925613861549,1597.8119202032483,725.4608606783778,0.282695588972791
0,0,0,0,254.67119596017088,290.7783415248395,261.75631918231977,6.365743712919324,6.156189760119064,6.011823452605935,0,1784.668147450407,700.7322652236883,0.2754403893904794,1568.4517124093504,748.8124127487979,0.2768845069882428,1760.4337004658896,724.7573485312325,0.2948736939423315
0,0,0,0,291.49475521388456,280.2870150088816,260.37695244110887,6.109553702208355,6.599662835354999,6.586249215738231,0,1655.5214428005936,641.8907103101832,0.2716048965463516,1509.2306660034665,667.6325807643982,0.2749129158144269,1628.466795057277,680.075109009153,0.3011163021823633
0,0,0,0,258.4174071663535,296.2132871659988,258.5251195614867,6.32173922383825,6.268516307034997,6.226815624477981,0,1646.059616515643,674.3994369899111,0.3143124790415915,1771.0135992532173,650.8071619272343,0.2666257005192593,1642.4015645518111,700.4555542474309,0.3081452111848289
0,0,0,0,278.1470946102415,277.5914804460669,260.34023828872574,6.330607457535193,6.548009727748923,6.042804983161349,0,1519.268504568436,600.0383337268926,0.2931705255376902,1549.3279645076964,630.5005014560654,0.2862150143391299,1712.5536571181617,631.5023222281457,0.2939831019086973
0,0,0,0,265.4438821292657,295.1632645476508,278.3815823770289,6.123129529953721,6.096012981488839,6.599354194157211,0,1629.2872233168032,701.4625650295322,0.2856705454843839,1752.802796772637,660.0348156258425,0.2969019984787993,1601.999157092068,625.2815286286107,0.2663807678314095
0,0,0,0,295.7471873052073,254.6522390032389,280.8919636488875,6.345457163926933,6.625472318999278,6.440751209936216,0,1761.3371691496998,626.4371014073903,0.2834540319342822,1717.9302115076532,757.0519305182062,0.2776252318676805,1579.128557748434,732.3593824245704,0.3098578478702099
0,0,0,0,298.9671561344822,253.5381257981984,264.4288145933359,6.481124614430104,6.470028769053716,6.226537395971091,0,1595.1349420075524,632.6811204832208,0.312605772442364,1730.6881160028204,713.7853152568629,0.3115370939968653,1500.915283760508,676.8568912220264,0.2777134567874359
1,0,1,0,268.90482970490285,305.1614193317134,255.55895286601623,6.541577251796007,6.0556845343236985,6.623989372654396,1,1814.8394295963265,619.9943333333903,0.2847471294560792,1526.6169793442675,649.7039708540176,0.2930559606371377,1621.467065841646,684.8978664544312,0.2770392894838165
0,0,0,0,275.9877132151765,303.79707748498805,258.9646860394819,6.432288091186575,6.5342207378559065,6.431274459756555,0,1753.3015311185536,695.1673066531232,0.2944308992968595,1747.575971878062,634.768962179912,0.2655218886318796,1609.8250542225132,671.3257083359293,0.3069262290468907
0,0,0,0,299.56164932827977,263.6748140832251,253.87841522330376,6.588799758640638,6.133471427887236,6.47645637771454,0,1607.2929139593984,686.8562802145332,0.2799908378304198,1609.6392399014535,686.9304348248808,0.3040884212053772,1649.243834805732,655.6516593353651,0.2885719308686961
0,0,0,0,266.49278371402033,283.6915866082147,298.48204772435366,6.390617956026742,6.588056222240756,6.530910368126551,0,1647.34799048501,617.1723723819149,0.2726802252986344,1610.2542486065004,729.1557689401859,0.2960253514111811,1660.765649132425,706.1934423671822,0.3075727392927953
0,0,0,0,272.02128292026663,258.8317366441365,259.0882546690696,6.220164512913856,6.381875316618962,6.0539544444777045,0,1506.1026838853995,704.7843808986684,0.3049495733573519,1650.1532706736934,643.5616879500485,0.3110905930264419,1670.0230397023329,717.3999250332433,0.267003308780644
0,0,0,0,286.41200330212433,269.61924931429365,300.57954603435815,6.35024011163975,6.610794117269453,6.284286168126702,0,1536.971878439933,618.246554286117,0.2939633214517865,1768.0839936996451,764.0692874212008,0.2773525952628793,1588.952027519911,623.1157635241293,0.2679553856640557
0,0,0,0,288.26046493015826,285.43060635088113,266.5686794549902,6.30316989489685,6.244034083639078,6.240830588066664,0,1578.125701659526,676.656685738192,0.279105593608826,1769.6836234488426,741.3751616489216,0.2875399986321283,1739.1424786536995,661.1612420153394,0.275277764991499
0,0,0,0,254.54189674091708,274.376789463813,263.9565706551376,6.308717411657413,6.528519522556153,6.601512075966173,0,1663.470800822749,706.6841163198642,0.2776147378707652,1769.7073533444309,680.6119381047296,0.2866870042898167,1513.9298444932133,744.0867784869754,0.2975224766018191
0,0,0,0,279.3528859171674,289.8589718447836,270.2421936434632,6.0339825322953695,6.631589292654483,6.085039322242389,0,1661.2885442309391,649.3703264294717,0.2747848003179603,1682.7998029143948,726.6132920331465,0.2684034811800896,1675.9063042777277,744.73486978153,0.2964876200996295
0,0,0,0,254.10410524241672,298.7553727447642,266.79281069986445,6.237806614431458,6.404024821651773,6.2728573054387,0,1686.3525273258276,648.7695686553567,0.3064896484272377,1620.060881896721,662.5990596474229,0.2701549180923744,1696.5657438767807,706.3480900196612,0.2687678996755261
0,0,0,0,271.7847971927379,276.5236667307113,274.9000541874163,6.128372387371246,6.123066739270051,6.474279938692939,0,1554.8507760110142,704.883759709867,0.2691596358015048,1788.2256400569886,704.6379110387168,0.2760286137824365,1789.098308417005,646.4084349293593,0.3070009493575931
0,0,0,0,301.7125644185791,295.254792957237,292.597458130762,6.593385876277907,6.353019127702012,6.10407193445313,0,1714.6498051743383,678.7539298317466,0.2861947146879505,1721.111576640756,686.7214674064835,0.2994340345172189,1748.0632550356909,690.2081264703011,0.3050559311742103
0,0,0,0,273.78587073605314,280.168409782662,249.44798521062623,6.253235046437753,6.342126925676565,6.183525277489801,0,1808.0201878182224,628.6525453587559,0.3069879444705749,1598.456671296902,706.8675541498524,0.2804198839857267,1477.1309653747685,750.194947829992,0.3107285901133884
1,0,1,0,271.7790221156624,306.18032436829986,248.70612535076364,6.4743541833799085,6.270002438541114,6.393310958177779,1,1617.953276048661,684.21491477755,0.3051593598629512,1756.3020930834914,664.0749384541782,0.3115475518175427,1691.2172673722164,710.4405824946172,0.2711234913996021
0,0,0,0,301.94717357842825,283.67825615901035,288.90522393283305,6.127995391973121,6.280756935845318,6.579624069232343,0,1710.4224731320087,624.8824596345308,0.2816685873958862,1549.1770488131483,650.8389364405161,0.284769176086019,1502.615925986462,670.0518628933694,0.27017983799375
0,0,0,0,250.76121452472185,254.29269185820388,295.0119980392972,6.432164691739971,6.545328764310381,6.597657762070715,0,1703.6432376463788,616.9889283841213,0.2782076084136712,1819.925846288305,645.8956609378986,0.2760330400042159,1612.5882610523015,623.1531401075825,0.2673288407418419
0,0,0,0,281.7056965641515,297.22080234076446,300.80357871535324,6.262004746027205,6.2106100352745,6.355768029659093,0,1512.0596826374297,672.5922347063001,0.2677162479335057,1509.296780069678,709.0008217673505,0.2838116305954669,1565.259733688184,713.3701392452473,0.2782027336524593
0,0,0,0,300.0435875389481,299.7499291094768,298.41849451637165,6.250501512891759,6.526773501412712,6.071752483763131,0,1686.08714810918,602.1105970902042,0.2872749497027809,1570.4831716997362,658.5224055964698,0.3034498886115794,1622.5632212220576,662.4313140528037,0.3062750874715143
0,0,0,0,254.47730326303463,277.81231010946266,278.723080164611,6.146948499120386,6.228322954677155,6.521071469334445,0,1753.7326466545212,602.2059627258992,0.290406376534012,1627.079833443998,700.8618615016848,0.2727519923725763,1724.2106173061502,637.295745148956,0.2724756709907213
0,0,0,0,264.7290408971976,254.909068280228,261.5684222736125,6.241863080279349,6.264744797723637,6.572107567935017,0,1638.8711448615948,685.3533638110431,0.2698558157099524,1727.6688727468652,653.9738938168704,0.2952224097227925,1768.6352211980068,656.9309151798764,0.276258540706511
0,0,0,0,272.67559652911723,299.2994864747101,284.17856941575826,6.16556168278733,6.267963076169238,6.182668073607221,0,1726.993448413085,704.7200240909013,0.2989196273057972,1547.8777210935496,729.8456091084857,0.2820702068406247,1501.66599122783,752.1431659105035,0.2728013739798818
0,0,0,0,304.7171335848525,301.64645487083936,270.78180560710723,6.63190865171591,6.199847837832055,6.2204075319019685,0,1767.5388098655783,682.6707690355336,0.2944269357526719,1651.3830829540225,713.3255595515897,0.2844437142706921,1659.9876664183018,732.696974717334,0.274924937842929
0,0,0,0,301.7197223115912,253.87067833577592,263.4499872714879,6.449488703069554,6.534836690621376,6.144495376046524,0,1777.3734975865018,669.0115568922375,0.3039375458054779,1509.2571736110724,751.0197500356485,0.3116238565707685,1725.9159058278142,650.8699210729377,0.306034930984951
0,0,0,0,255.5498207165832,271.1916353988533,278.9079044273544,6.0930371202042055,6.444970688246389,6.28291208604734,0,1829.4193016617312,684.5782184375618,0.3071140659651584,1693.4550375236693,711.0627314376912,0.2971425191063653,1565.4837802486848,721.4689902925921,0.2760841966789826
0,0,0,0,288.2795110776931,256.329612752417,287.6340588552019,6.16100501008057,6.099488290913071,6.227389612784274,0,1711.2828228989729,694.2689099412667,0.2774956931952766,1697.3627438440594,745.3811633506816,0.2673058512338178,1631.8952192813538,743.4171690367522,0.2810361983302076
0,0,0,0,275.6755065723204,288.4517116615924,283.76936764140675,6.021970694895215,6.286586607329604,6.622234257458845,0,1529.737779025829,629.634632578196,0.2684965664880469,1678.1313517319302,651.3559895884227,0.2790496189776336,1491.565946163156,738.1484481292784,0.2925102176147634
0,0,0,0,281.1488143462722,272.1264178289642,263.41074835292164,6.329976307215808,6.597464211924978,6.343917101088661,0,1525.6628062916525,607.3110855964208,0.2955163344001592,1631.0749949119015,646.9855518927086,0.2986488414078952,1703.7802826514544,739.5013668597893,0.3025974908097918
0,0,0,0,287.3915664882937,268.2474722989708,248.18263134917007,6.443504211792479,6.15453496854521,6.47256617729528,0,1818.325256930156,634.5610640682867,0.2672357685746835,1715.924582568049,715.3211068881293,0.292973992710581,1581.0889554739108,707.2924370225902,0.2915590327086592
0,0,0,0,268.86842097975745,289.48675206877715,253.7865073569696,6.0984940855515575,6.082046893623442,6.011429438270981,0,1534.018273956131,705.4416254185217,0.3104857774424787,1629.5580315831455,728.5899302642523,0.3016956173716711,1708.4690284790504,665.052567147199,0.2774057837196488
0,0,0,0,250.5560675227145,281.8795861033519,268.6518085703092,6.3553087184918935,6.070407910058047,6.163466479336923,0,1786.6814493160869,722.1283504871063,0.2938582077547499,1678.3732240103989,679.9665249048801,0.2936139311453514,1506.168351016192,659.3453019651142,0.2700111438197144
1,0,1,0,259.66131870974766,308.92424645958323,269.4199118143877,6.63827404165768,6.3855847150589735,6.436959145674631,1,1650.7735523393992,665.7937900757003,0.3083744469632929,1766.0008807852157,672.5763084490236,0.2795088172085332,1698.6533398486313,659.3892577020266,0.2717242182791343
0,0,0,0,284.9506401589651,295.3151789138781,257.54648682501534,6.094537704248244,6.569339328865968,6.027665893480464,0,1695.6443209260028,687.16938001448,0.3002171653883316,1662.1130345568918,728.7724615706713,0.2941772840151211,1568.3088723397566,676.889149678461,0.2943947468298158
0,0,0,0,297.029742029538,279.8575780209588,253.0866659504088,6.137529613760669,6.387389220719374,6.381958174600912,0,1544.412484549763,722.9021704100483,0.2722776343079309,1675.880572328295,639.0085486966561,0.2678688595753694,1653.4689962346952,648.2289965799278,0.2953630518787992
0,0,0,0,295.3701477141297,270.2608284895456,287.4181174631533,6.039628650003697,6.405169156721237,6.242262362698091,0,1668.81227850474,686.6253369475048,0.279079840694669,1794.4104392347986,739.8742488761653,0.2924904942538605,1685.139953903731,680.0589747258256,0.27438184132637
0,0,0,0,288.80050896566536,270.710661408905,284.4199286859527,6.365540986149058,6.052564126840539,6.261951157992273,0,1622.2322036742662,716.0031487149841,0.2681703769888637,1750.7270986040796,724.8512484413077,0.2807072838368596,1722.9299094443884,678.4160024078392,0.2847986385822468
0,0,0,0,301.7362049079105,274.19960166765094,283.45491055626445,6.172111452648815,6.05582912314138,6.642765858377874,0,1542.7088411585466,672.7630168786297,0.3128868567825323,1608.7076665871384,697.5165048495786,0.2727779967103876,1623.1141770337042,664.7968191015219,0.284256323549528
0,0,0,0,256.2329158245016,277.80817203527494,282.94182052074547,6.5724045242307705,6.4270792204653855,6.615440228463279,0,1640.9980319202762,646.6613428391485,0.2982877297020052,1516.3403034788234,740.4035832675677,0.309215584994756,1524.6774935529488,681.5974181550607,0.2936779788186775
0,0,0,0,282.1380186648243,262.1037066197964,279.99985791204017,6.267427276927783,6.4816284702360525,6.563139146917079,0,1615.375101884876,612.1997628184329,0.2856539898773447,1565.3346933421003,635.1813725077363,0.2910507352498465,1664.1668794623506,663.5304571471813,0.3031044399828413
0,0,0,0,279.8362841497656,269.61746107746075,251.72008523208683,6.063492834565851,6.107402076518653,6.605950211763344,0,1691.4233346481628,715.5637765103157,0.2858694736255744,1546.2583281112015,687.3225130852203,0.2930778157707596,1722.5627313503023,696.5521061219282,0.304295685066825
0,0,0,0,254.29196873820857,268.5349860905559,257.0251766128273,6.3151394728275125,6.612418228985237,6.468318964106871,0,1712.8731138795026,705.0624854906769,0.3041239230896563,1537.2497077862706,748.9603681514342,0.3106400036814961,1488.245055915177,671.7387908289057,0.2896712059007443
1,0,1,0,282.0774229425029,306.39261830858385,262.6953291018753,6.605739559396373,6.030514933283468,6.095050643833495,1,1726.9489893121597,659.0994525415572,0.30535951129327,1822.528961436804,639.0224799928551,0.303313301269778,1619.218813956332,704.4031260763974,0.2833309272726831
0,0,0,0,252.86947146785548,277.8387478727034,266.6941807567943,6.392756912181174,6.047169072161414,6.517496917354002,0,1803.794023451857,646.124268883766,0.2773834237986268,1768.6648587667169,742.1616759161772,0.2927184216885066,1656.8590108986298,729.3225184682223,0.2950671777658478
0,0,0,0,293.3901918727745,286.97409880222546,250.56450962321307,6.392188403446977,6.156179231794149,6.393836490329113,0,1640.769456890347,722.1699257714135,0.2926968501763708,1703.8961722256252,706.6676666636545,0.2738504370239207,1725.3681433294437,687.894536931318,0.2761076308295587
0,0,0,0,286.8453001459973,264.3316171953465,273.84863193984944,6.064015322829346,6.261449313367092,6.253628123053036,0,1650.015677473112,617.0349270930732,0.2758805775908068,1512.917624153429,682.4487424721787,0.289147908524968,1750.1010695041516,636.121746606679,0.2891752257794907
0,0,0,0,253.28453946942795,284.3199388877716,257.47158051532915,6.058350121616138,6.624394849042801,6.353914900801675,0,1694.0995382397537,670.3119165618405,0.3085826134639494,1512.1014012109626,640.6771947819789,0.2672622823214938,1686.649953442825,622.4633403591748,0.3098020695225996
0,0,0,0,296.5970217116292,259.8901921803248,284.8953490259441,6.201059768955797,6.344955488665784,6.611905986494001,0,1528.2649386339017,617.897664722004,0.2731687624418802,1577.6399180200158,676.9234718217378,0.3115088496023863,1521.768137985788,668.5504154046225,0.2914725183171116
0,0,0,0,254.1016075960628,280.4845256606807,252.69873727175053,6.015960568067624,6.279648361134982,6.616803556156503,0,1726.342531886563,680.341563305421,0.286552025724815,1503.893885034243,673.7510088671288,0.2734874495525932,1671.5021264058214,716.0017342507921,0.2802581247053509
0,0,0,0,271.6675286295078,291.04710819539736,262.7099500234676,6.163278149656748,6.362920995739123,6.232843674982476,0,1534.8686093035233,619.1076307852957,0.3047861205690625,1653.845909351026,755.551148216077,0.2686039955560417,1731.5087488991887,752.1339670557402,0.2767587469497059
1,0,1,0,298.38154319129075,307.9490445134396,270.37100472272766,6.539077594898115,6.131102458981284,6.377384490904884,1,1577.5032594122158,648.2568234599203,0.2864994091204755,1761.574354930497,673.5867444074528,0.2994047321823243,1747.9590378059947,726.3418241377633,0.3060752594821682
0,0,0,0,253.1499539031355,275.5993289025685,269.0515731061108,6.451364159063097,6.345620466519562,6.095575940552579,0,1549.2330119139583,650.4381724335454,0.2930492771031618,1827.184590377817,645.8619100581217,0.2968113429217447,1527.0717945439203,746.2125606230625,0.3066926634542793
0,0,0,0,300.19896964224205,280.1561534406999,256.1626461746102,6.64093041644322,6.281514459279166,6.309917534384917,0,1572.0468700622375,642.449074403105,0.2987370105942907,1614.8595238308008,709.7572056937366,0.2921377724603558,1656.460668617906,694.3149528159993,0.275326855321277
0,0,0,0,291.050907697847,267.6408108728772,280.8174640089646,6.029260523039841,6.45666770954234,6.320319069383177,0,1620.9668620290254,698.6530966618752,0.2937708845610955,1684.5291237413971,737.9679920544341,0.2995991787136837,1518.6953250321385,652.0074208031888,0.2851181436394987
0,0,0,0,283.11309641459474,269.01598890371224,256.8743705920006,6.338476798194184,6.481782129005997,6.309860364757162,0,1598.7141628805582,596.2743336557315,0.2905810126459566,1503.8743452146286,708.5097375717262,0.3092609943152838,1505.006909957767,701.9006297012452,0.2912757425692664
0,0,0,0,272.4569339042965,301.3970553852188,270.9019835609099,6.343331227052448,6.382039790617911,6.485906367320592,0,1801.8479218504624,621.391746041723,0.2682472500602404,1791.9914339430547,710.1981535399447,0.303115539010114,1774.3228189602696,694.5663744061916,0.2739531176371808
0,0,0,0,264.76364358647663,286.01296946426027,256.7326016115212,6.139048044284519,6.286650819923216,6.339239079209969,0,1584.9154346585326,635.9624623193655,0.2933578913787461,1700.495457872201,638.3874869848364,0.2693084894943219,1545.1846024149245,655.0133996454666,0.2842379897080381
1,0,1,0,294.9148072050563,305.39315188104376,278.31613757819025,6.0220844547901216,6.029293702496565,6.430960353971933,1,1719.3123626119525,683.9216211634921,0.3048399533771487,1547.035599566466,750.498335771174,0.2866586687103523,1697.628978732277,743.8116673493561,0.31219041353907
0,0,0,0,289.8231422308859,303.4050424643603,274.7698682034142,6.195115281002676,6.178791209924733,6.438468921028608,0,1796.2311835956525,601.9316817144324,0.2780787955463658,1569.2640020451126,646.2671020955758,0.3054064302578757,1553.4027731480069,720.025539172434,0.3010895931148076
1,0,1,0,267.19544234290885,305.49382668128817,300.35508048749494,6.273263893042849,6.208680132491203,6.260443945581354,1,1572.5059275570966,724.6329973213112,0.2976234948416374,1755.8343473832954,733.7342117216122,0.2975694845073541,1517.8873957750743,708.2034677671633,0.2996514974856904
0,0,0,0,281.7673630384334,289.2298868768148,258.2054692870893,6.144221589995577,6.48849940084096,6.507121765068967,0,1670.9244491481368,636.7264890573899,0.2873383801363927,1573.111370281109,683.4982251018251,0.2777967615224082,1773.0809098671868,666.9198550432747,0.3006807509402442
0,0,0,0,299.64117846551216,272.02984836678525,264.707053541518,6.548889702781426,6.056079008191563,6.523219120979068,0,1563.532074796993,721.951079066401,0.2849436274995824,1657.5304390237002,642.2107391761757,0.2768316636194035,1762.0135064177691,657.6401325805389,0.3057133403136416
0,0,0,0,297.43346164277085,291.3278754464311,253.88181399125588,6.497318758574616,6.226559582876974,6.208877886174905,0,1551.4726404315584,686.7592975952856,0.3117412179783071,1662.3192464567162,716.995036090449,0.2890946951284939,1738.05472020174,734.181864396228,0.2719158398660578
1,0,1,0,302.7165124931772,306.12374326112695,288.06414949589185,6.221448140645812,6.214718208157614,6.440259712567371,1,1723.6311680548304,694.8969947956404,0.3054665982965095,1781.3032943231185,645.3699897509943,0.2981959144173481,1557.745406308621,735.7737824659681,0.2733943523422363
0,0,0,0,252.8178036252365,262.4195003886469,275.3773981471263,6.467450989757529,6.546275569335019,6.39380716890203,0,1661.2483186238169,707.7676875435056,0.2852605085342302,1678.3854672678276,653.3831633200872,0.2989139711338456,1626.1163299529412,729.7027508260703,0.3043483465630842
0,0,0,0,289.22526738769,273.3644754019029,295.99955549091635,6.080026963864412,6.573405328505356,6.041275128900067,0,1782.575679007518,684.2043061902056,0.300048022760436,1737.0458959986058,642.7091304252449,0.2842840120102084,1790.179549030402,709.2241637805444,0.2950632978859255
0,0,0,0,264.8614499202133,275.058686683214,267.5752643037952,6.170790226436124,6.10473238810937,6.237434165104118,0,1817.034306749796,634.8850192061394,0.3037484080736341,1499.476036408145,702.856728825031,0.31086644870809,1587.828644442809,687.5032319928528,0.2861284831217614
0,0,0,0,298.6928600758839,267.0118094387065,270.49087055918955,6.333294550745134,6.063002931203516,6.5081827479597605,0,1672.0269105718796,613.7276836793154,0.313519502687258,1716.3606128643332,709.9781592849183,0.2846288166068605,1539.1919939227969,728.5448489896754,0.2958771356193149
0,0,0,0,273.10120184023924,270.9963033631112,266.249825409988,6.3032329537252565,6.394030459313726,6.046043762287992,0,1588.184251614813,694.935258635578,0.2913653774330266,1826.921357134645,687.669575522785,0.3082883575564393,1541.987839239486,673.5562755370065,0.2757732297379888
0,0,0,0,249.8526051618776,259.726037830684,253.83717706175617,6.59248767336343,6.05935543993585,6.335641929102862,0,1784.2536462707983,693.6356440399393,0.2750957915180436,1736.599644420901,756.4392436263286,0.2853490764187301,1589.3824481728395,667.5487754906401,0.2945926730750282
0,0,0,0,289.74322964831754,255.98599324018755,266.04251999568595,6.083319866014733,6.136791843423028,6.292480376204493,0,1514.3761272566924,726.9841454432947,0.2781564749847016,1508.8645750583366,681.6151464341674,0.3027524035123219,1696.4883365517587,685.9079361672293,0.3058420637234323
0,0,0,0,297.92230067854047,280.1240857585445,301.81116050814643,6.01958327203199,6.641560940133317,6.554038217973262,0,1762.2728064815249,656.3811198938439,0.313807164855801,1746.751971421937,661.6611074122488,0.2903968850306296,1506.9555695595116,712.9501684991674,0.2816737369313808
0,0,0,0,250.2276551795969,299.47786524945724,251.0370820448448,6.26870538377471,6.016918686622853,6.1298184958303565,0,1580.8745278579595,703.7679604853398,0.2830884715404111,1598.2408835538156,660.6244786312149,0.276130952498011,1657.1417416809077,656.1194025922551,0.2850382788854538
0,0,0,0,270.7636491968759,258.9636235743196,264.89711867769194,6.567740299426433,6.62034911157027,6.115367428685915,0,1804.7608686489573,660.6447660236357,0.282750186390714,1515.9349622341294,668.494994375809,0.2791494982147562,1731.7498749043757,632.9956122218987,0.2952287103146589
0,0,0,0,256.715931402707,283.57551670116914,256.5666725178811,6.0579576478835895,6.065848090998626,6.551767976961722,0,1806.1399918403345,620.5759510917151,0.3059052781208233,1813.5291835215296,661.4320750863163,0.305431402162502,1479.3762284861832,686.3031921617116,0.3015317181792332
0,0,0,0,301.7398471311994,268.934946542942,256.0759259295305,6.588816768175982,6.199549546203005,6.448817063910498,0,1776.1553620269449,712.9403344942187,0.2765765415205514,1621.256278697883,681.8255155701314,0.2906851891938388,1529.966077363493,658.7140229224326,0.2890650527022316
0,0,0,0,294.0583799757835,257.8756593545109,299.8061237245178,6.481379235255449,6.255531647128856,6.614849641582471,0,1718.028744836959,616.0301908980855,0.2929765213791078,1633.377370420483,632.5682463494924,0.2780226430551947,1590.5281106899256,622.1230427191657,0.2738739312408586
1,0,1,0,271.6159318914302,308.119759283755,257.8419239100808,6.613235593220563,6.258225361215798,6.103809180590732,1,1549.637578793595,696.4438533602408,0.27230771506485,1753.6216000050313,674.7569562967375,0.2945749034510322,1782.5249174285725,741.8817829416774,0.3070612531823068
0,0,0,0,284.5640651532493,288.6917423646962,268.2889597655571,6.52492761233568,6.241975177094426,6.095106997540016,0,1525.5435587668403,639.7167236741126,0.2819744356656332,1545.2814163901608,710.1315293539724,0.303313167487313,1539.5117685698458,648.7414888432852,0.2795335355651273
0,0,0,0,285.5279823145103,264.4324477257691,295.8513796376807,6.393696472802685,6.313592886218198,6.228409032000764,0,1734.905248765655,643.3835709172821,0.3060348226194743,1762.1663214879836,652.1239456577676,0.2703415937230686,1699.2035086768483,619.6921871706952,0.297812030055316
0,0,0,0,267.38994481708784,257.48971606133256,247.6223051797702,6.048592845503778,6.109741430183451,6.317587069292959,0,1706.1017567859367,627.2810371916607,0.2854212947960794,1594.9691818354506,639.5279092890511,0.3078266691873195,1515.4388734764086,658.3539591549314,0.308869223710819
0,0,0,0,258.8172815977718,302.6794975406392,297.65413381763454,6.624662541735311,6.367395008575244,6.2188594554683245,0,1571.2051357479927,693.5395668304915,0.2929591663732415,1673.615026614442,654.255726855332,0.2729795341440176,1597.0036020801044,720.2697321378668,0.2813572134848418
0,0,0,0,302.69850703739746,267.4103508035961,270.5775806572707,6.48040351922086,6.311056811188788,6.227904666698804,0,1701.9670566581924,711.9749367991992,0.2695222519120114,1571.3674166433334,730.6752609883073,0.3082189358533143,1790.2235093182658,677.1382024465379,0.2883952508943822
0,0,0,0,269.3636009124226,272.17647414297545,299.0006647665406,6.589035992447223,6.291207293911824,6.405765059869974,0,1692.460029098355,696.2663845611352,0.3054600201035776,1777.967512430927,677.636274191804,0.3023561642455466,1718.1355364628962,726.469415716289,0.305073440884141
0,0,0,0,271.77336131780936,295.0617152536992,277.2778124728385,6.045758744389223,6.242624112231095,6.140537863784518,0,1636.6743965331784,684.5672801292918,0.2884173540228976,1706.919032687887,652.9963627687431,0.300270489634984,1570.7245905236011,718.733979335779,0.2880932012240755
0,0,0,0,261.8340655706234,279.66697381808393,271.8391085434391,6.625573318080591,6.585232997514297,6.089526606087476,0,1741.2641858666082,722.0626144124474,0.2873213362220734,1670.4537019475183,725.5718290271118,0.2770016906667907,1542.5575093599896,616.3501893999189,0.267322901003073
0,0,0,0,304.0987978627832,261.5687628313861,300.892051072169,6.166715041947668,6.477670702093741,6.374349372335301,0,1723.9640439677326,706.4447563465703,0.2931469739863372,1695.452775086157,728.9119946184846,0.3012241419497117,1587.0254015251437,705.0204394928047,0.2686897805613503
0,0,0,0,299.66349911321447,275.08756471319595,252.13328076360577,6.088875792556851,6.31637627179539,6.502952515096878,0,1611.9555708941282,703.3546219526721,0.2953466119716263,1779.9872020343655,674.3965311448133,0.3058996052492096,1752.8548134802352,641.1187457442396,0.2856450683749709
0,0,0,0,259.0285474893262,264.8629407255067,283.93988632934605,6.46057628157076,6.042821086191934,6.286920085520895,0,1681.2388386840585,679.4820203941605,0.2764476938253186,1602.9774077432853,705.0147016209115,0.305351353975075,1787.4600652302065,714.7129992764534,0.3090615730874437
0,0,0,0,279.1316842760707,269.9799992105948,268.157836186299,6.177191227858561,6.353764475381031,6.401958163035073,0,1520.1311614391534,691.4911591523696,0.2729027696892942,1683.5403723315449,710.7050615017936,0.272980749460366,1792.9336929087594,715.86135273432,0.3087073193531852
0,0,0,0,292.1580134776032,286.8268003019712,258.146355536718,6.387855006969512,6.326731185914314,6.520908255161699,0,1566.6071706586165,683.6317342587085,0.2965756798683429,1671.6528478000023,673.6215528435823,0.2895038340156597,1535.9352087241737,627.8561138048839,0.2859214596681661
1,0,1,0,286.3892290413766,305.3996024209852,249.3074986208728,6.290375995846433,6.600869619813735,6.3118343316443015,1,1594.897699106204,669.273606253525,0.2835444934480185,1662.9151197114968,672.7076999585161,0.2996977969731706,1585.2823243298917,742.2773430341738,0.2660456751610585
0,0,0,0,280.5322818998828,282.07909304908844,251.40577617081567,6.482135233543553,6.405516432252117,6.078586148517766,0,1664.434362473102,606.7191304036573,0.3130348878731488,1574.5690858864705,694.3906561826118,0.2852841962236495,1749.5523256307729,649.0614646152661,0.2746171283530441
0,0,0,0,277.87268377340774,255.0095972037441,271.3540584647935,6.499911559209843,6.049943799783376,6.545472189175475,0,1523.1761578976225,671.7395321562425,0.2728041057132663,1773.2112817258935,643.4590499237668,0.2673130838544952,1561.0539670348398,673.9694824187641,0.267353703983945
0,0,0,0,274.7728391047683,258.9536690324893,300.59882497535773,6.378927527781692,6.248840712431695,6.558809690262762,0,1693.1116337584938,639.4041485839485,0.2820607228016001,1528.988548464985,733.8369457442877,0.310421637134615,1671.9716559915355,712.1961468491826,0.2788452251889107
0,0,0,0,284.8603737279839,270.838066705388,280.83148182296713,6.301727051804454,6.602134139157589,6.357165468419953,0,1663.4324841985474,695.6844581782259,0.2804757837997437,1514.6043799572658,694.688311872318,0.3079190774590879,1556.902812028993,663.2284589215075,0.3054018016137831
0,0,0,0,280.8877906757848,274.151649083751,278.9247245363849,6.339131513804166,6.398566896488859,6.091213253692712,0,1535.7414050079776,597.5397708640785,0.3126210899799276,1522.413309775974,722.2047783440779,0.308844121967439,1665.7205604187727,721.163054668125,0.284523948071826
0,0,0,0,298.6885917657103,270.3688033869264,263.82910248482307,6.423913335816144,6.144340776627247,6.127869850857934,0,1802.7408233304668,677.9183130927952,0.2733735612133607,1798.0309514456935,732.9736245757032,0.2968554436649883,1722.9945806282587,681.1512407927895,0.2760615738515902
1,0,1,0,284.07485222773613,308.31071036697307,270.67295432918536,6.038840521726597,6.148965542941895,6.3691938983566105,1,1611.3971163635383,657.416274924991,0.2741595687865918,1539.2466827056755,655.3811422576523,0.3011920610318751,1481.9265215380358,620.9359545334125,0.286370260342729
0,0,0,0,295.18069910255423,274.76924176721985,299.0194626649495,6.573648505444314,6.541920632360215,6.439559853047356,0,1531.4432246369947,666.6526933088643,0.3102421130414008,1540.3578224789503,757.3569974013318,0.3003666112604649,1594.158963523652,744.6936534031906,0.2783936368034183
0,0,0,0,268.28221842486744,297.81812955312336,264.02276378633513,6.456907712426742,6.484275986537366,6.633399126444624,0,1758.022418405066,718.3933317666622,0.2768397669203336,1517.120926627454,680.9758980499478,0.2784334233904126,1685.7338657732073,714.4981376959264,0.3112378696415415
1,0,1,0,270.78224296204814,306.23259896670675,280.71324252457214,6.520858789827257,6.155092498370779,6.292727220006713,1,1647.5773845885026,710.4716376307564,0.2757013364061612,1604.357960773305,732.3873135159706,0.283627740625261,1718.3789671122026,647.4882250368529,0.268222090035381
0,0,0,0,266.4920801477047,256.18618683986347,283.8196351072007,6.313537898688418,6.385960146420022,6.276756599075717,0,1558.592767173141,642.3641216466484,0.2860425326458751,1789.8921588244975,648.1645540050523,0.2931774150271908,1704.8504411701765,672.4657561025723,0.2891255902750761
1,0,1,0,250.2482410336618,307.99464321036896,279.2766939390465,6.451154997844975,6.283000879805957,6.516244846259003,1,1723.306943492377,600.5000248837277,0.2845463258970138,1662.7733686160875,753.8088483776589,0.2987678557905174,1758.367737260715,678.7863387675579,0.2877421602303898
0,0,0,0,271.27354794738994,279.9738761408761,258.5001834503479,6.625215652508885,6.06008322401549,6.534380275594463,0,1735.267981534994,606.4306877463432,0.3078718795725421,1678.6539417867486,685.1478363039164,0.3062786721475709,1657.8429171213756,623.6992257014462,0.3110142857004322
0,0,0,0,278.3003983526097,263.7909825011724,259.7908723949723,6.1974292311915065,6.098283402106267,6.116568544053057,0,1659.221998720215,708.9267385787111,0.281559515648089,1594.930009796332,735.7113403519855,0.2872721138911382,1584.104286007082,744.9323637742233,0.2815541348181759
0,0,0,0,304.7006486970014,292.8529917895344,262.7772233477638,6.320451173890355,6.639544219878021,6.128032237962084,0,1562.31356290745,713.3304982923555,0.2888890891766404,1512.593557555234,640.49422657168,0.298917375500457,1487.9422993798428,619.2126450459666,0.3017679838394955
0,0,0,0,257.30374388755746,297.0032311321417,276.719844038301,6.309367795497419,6.023198235366721,6.313235551180599,0,1704.7942718954373,652.0965112762004,0.2684614119909866,1749.185502101733,751.4922615554495,0.2854569083054756,1602.617395736515,737.7431410245465,0.3073641183082223
0,0,0,0,268.48452456489804,278.41479172104965,262.8170790343743,6.402636852896223,6.193042684163855,6.187960865966279,0,1811.975694171384,722.7140909735914,0.2911807520892328,1814.66730206928,646.9204595566404,0.2923360241590335,1607.7833033607496,752.9937070447243,0.2680585048087789
0,0,0,0,281.9606417466601,267.50758391553114,299.20481964750843,6.065576524593169,6.216958630125386,6.223314284432881,0,1554.085547869988,653.5799171616618,0.2912515285263179,1524.8240406975851,669.2710382412902,0.3104349349630094,1662.1583089263609,740.7791736679507,0.2657730454240593
0,0,0,0,294.8491518251431,283.17692327450266,287.5796066465443,6.6136089595243295,6.025531012543633,6.6412928249489696,0,1532.98550590134,616.7810043933414,0.3124825215090027,1581.557403066299,689.7152516852743,0.2976281370359591,1569.2823376753377,689.9237843096654,0.2904695415505558
0,0,0,0,272.36142480451065,286.870436027145,301.70947107421114,6.120386095564374,6.160468970440405,6.398254773240436,0,1828.8533653306183,708.3259479928516,0.2906797356174065,1676.6825981373331,723.8567484088802,0.2893098169284923,1596.640236671545,721.9579543576577,0.2734695020009332
0,0,0,0,271.188317976972,297.594198964284,259.6205926832648,6.232928076410004,6.38164195213654,6.330649360283419,0,1646.667919499949,698.8604582610348,0.2900120917998379,1609.6265458391824,739.8818181873676,0.2763519565818847,1560.5429048364265,617.4653603921497,0.2958560724872821
0,0,0,0,278.2159289681476,260.79896261121274,267.73503419650683,6.295313866217881,6.37702983722913,6.069910205390714,0,1825.351538763204,670.997410425781,0.3078941322261027,1784.4524167425625,708.2697900078665,0.2988030635363436,1625.1336114053856,670.2402188226915,0.3061051028777869
0,0,0,0,263.38661918660927,303.302173380324,285.0852104538184,6.625233431345173,6.628721184937923,6.184459203838979,0,1822.4031817865373,628.1844633968785,0.2835939830340889,1643.324391573306,671.7480863455114,0.2898211998201722,1716.4460869978036,623.2948551685648,0.2677927803193462
0,0,0,0,271.2866933896807,263.76745845681967,278.9730690144484,6.237051461110594,6.212533254828793,6.633648371437154,0,1607.8789325903645,660.3884435707911,0.2823059217393239,1819.9968778570328,684.3047212972282,0.2860125579569701,1554.2336770652903,709.5144096520906,0.299027216225763
0,0,0,0,283.5586516203511,294.5343232422249,272.58661576298874,6.069378317423203,6.150151451127428,6.1490952966299455,0,1728.492079183334,603.8997130556553,0.2952914592596109,1775.6904763980756,631.2504385553577,0.3046904420192087,1518.8906922204226,746.7649769143951,0.2688877161115105
0,0,0,0,260.8936666748426,269.24657572587085,259.2397634684445,6.23347458947817,6.1677462716642015,6.243437061498453,0,1709.5815597600313,667.5045371986688,0.2731074240005739,1566.9010545849028,684.3090295564484,0.2981486719812895,1603.177520286175,749.9350042278263,0.3102094521531177
0,0,0,0,294.2636385943953,281.39977564556267,285.05581795430936,6.166275263700127,6.509090640004136,6.209365223509376,0,1525.20979736923,637.3502766172171,0.2797626963391384,1781.2422890644507,744.7426719329294,0.2820328162652395,1495.004024998583,712.291944341136,0.2659437541712278
0,0,0,0,272.55781725569534,298.58425990532675,301.54918878179643,6.221800489882828,6.202683362762985,6.153887392903357,0,1734.0029773292904,696.8050251434472,0.2815213954193793,1644.2841889939857,728.3223075170954,0.2976286667277201,1692.138981152761,699.7096211554685,0.3083556959261912
0,0,0,0,258.5212261041235,271.7226951099503,275.7969233584437,6.489183201587257,6.383430764253989,6.0437865091685685,0,1692.2306929030024,631.7615061162767,0.2895529395353725,1791.4403243836018,706.3468179180273,0.2947646091776841,1551.3679301632253,683.5947328249706,0.2800178563767727
0,0,0,0,259.93151494770154,260.4523524276592,289.92704139062454,6.3324160062775325,6.604099927671318,6.522669238080825,0,1610.2751011081868,629.5705988423715,0.2890602457656472,1784.3601591348354,725.6194371759146,0.2701708071311398,1726.7030048251902,631.8272606503347,0.295650421121958
0,0,0,0,296.16171266000663,254.89243779747832,277.26308395730103,6.378763155904026,6.421208061076121,6.095833188792375,0,1718.3202347619062,656.0675165681182,0.2921118834658663,1522.9891168944143,687.635063546178,0.2788962585708346,1701.7514852548272,725.0882898439111,0.2731364893038002
0,0,0,0,255.6314626097765,258.958627057807,251.42681640906497,6.105418390294743,6.427916810199319,6.082532590856437,0,1795.3547826354593,665.3065382323796,0.289214689295087,1784.4590536689225,742.4187626597912,0.2944993603803015,1491.202828521439,651.4796889480458,0.271839073069797
0,0,0,0,264.27786719481514,292.891225693376,266.0269969915944,6.257044048108988,6.087790482625127,6.642717054748611,0,1817.3430071527544,676.1811118087013,0.3065523473282849,1740.5525863956618,665.3527279586853,0.2951102472393522,1561.428660959317,654.444568406887,0.3090853285064316
1,0,1,0,251.20825734540867,307.8018358821926,254.3432563005662,6.454300195543976,6.057881076101993,6.422835435183481,1,1744.6702943990938,706.0847102629162,0.3131281468299374,1769.114210812574,717.0765335359522,0.2954956118886607,1797.0846901533475,741.0836112755928,0.2860566047920405
0,0,0,0,252.057911476844,256.05744096306177,264.4163666132285,6.242634533300329,6.286900969025054,6.343820891379128,0,1778.4142574328118,688.2380874433974,0.2888413866945883,1651.8297719273637,756.404070842403,0.295202829647645,1496.6920491666665,749.4025490534038,0.2823521397387878
0,0,0,0,276.3711955447773,268.03322474725144,280.1346366114658,6.238197650012487,6.2164591624908265,6.561736162016418,0,1730.375021537218,683.042468773433,0.300910780274782,1537.550682247567,718.3584484570936,0.2670625055593085,1767.042900447365,677.7113328295419,0.2870017111261158
0,0,0,0,254.11332904060515,300.11395525069844,252.88857768534908,6.437890845804932,6.572037934579881,6.587948830870802,0,1776.7011178431685,627.7906151017075,0.2870476699023464,1576.7531859993285,703.7364110757246,0.2742086794497567,1743.9914197872288,720.2986593831232,0.2677680353697289
0,0,0,0,296.6838225712736,295.4936246942629,250.42247120393725,6.290583139166589,6.385407782894896,6.383357102793415,0,1616.8143946635926,667.7262018678598,0.271490638727749,1557.9412751497614,653.2488982514193,0.2738228368936011,1750.4949279711452,618.6171704270051,0.2677792009502374
0,0,0,0,281.6402057616593,268.37442054063206,288.04801516853064,6.532034378935664,6.033391610404319,6.438682569392506,0,1611.586976868253,641.6783457163767,0.2953010706903062,1740.3225852060957,714.1978075694362,0.2923793807558048,1542.525370631678,664.4890496063288,0.2713915934709768
0,0,0,0,257.0496613849608,263.3089490571973,290.23394665070043,6.441328383528762,6.083450476779717,6.456429764164541,0,1789.1687001201012,722.803282744448,0.2968098999257896,1766.1262551634302,707.6637699030497,0.2941357389834421,1748.5642891761902,623.9188197858649,0.300504675164907
0,0,0,0,297.0793450865228,254.8388504185077,260.22509485218774,6.194427759175263,6.383734403856288,6.324237961813535,0,1716.33023245421,636.987458197277,0.312351669117981,1551.2639971291171,726.260338948975,0.2734316652639934,1774.9106988096432,645.212742693199,0.2722409783227164
0,0,0,0,291.9783937045358,266.05091306901403,264.2960001176392,6.330192151576732,6.115819514673657,6.294877504725521,0,1806.926499746184,614.8183540021237,0.2976388334893696,1723.1032511434605,709.7438275688431,0.3005259250513571,1607.9482092120932,750.9802430166467,0.2791751969565736
0,0,0,0,266.20825307301254,267.8950712196822,256.5633441381107,6.237731925224332,6.583878019111703,6.624147933811607,0,1691.003812217809,628.805168014839,0.310339254022216,1530.3117325244036,718.5051338269628,0.3076469222629098,1623.4891270993992,745.7253355196972,0.297192352377401
0,0,0,0,266.58410301537964,258.8433122200102,282.6485655391424,6.132501732222029,6.284398605122404,6.136183447329753,0,1603.9062846239751,607.726629512394,0.2739667079464213,1760.38440692022,646.7211016773964,0.2712989962724653,1507.0352690249526,639.0689106023154,0.3087601492301602
0,0,0,0,295.4480839541341,291.33522105043994,296.25198487670315,6.237425786679527,6.414729826417795,6.371776475245384,0,1721.4632471475636,666.5088098532777,0.2991097423565362,1584.3728361364708,632.4560766562495,0.286520525397137,1747.8866849226629,752.0120542764248,0.2731487524972115
0,0,0,0,288.2474945251629,266.6543995066258,268.3279711538414,6.440124346280641,6.522281383404871,6.410463401959394,0,1829.6877111039296,725.8290896465429,0.299560229876126,1531.493195616482,735.8020796446664,0.3077971786099718,1616.0350523449115,676.1676710999644,0.2800242094880487
0,0,0,0,292.1534365274021,294.41347942742334,282.0852787811057,6.605891041586115,6.176666982605174,6.467678968322955,0,1816.5977957208363,618.5452439686552,0.3084274964146404,1518.2811098786383,664.3632031731355,0.3078913454813754,1559.3311119955467,714.7325752481048,0.266800825902454
0,0,0,0,270.67784111731777,289.6268956219009,297.2735971659721,6.410032334560325,6.273159454335808,6.182026476947698,0,1551.2727926777502,704.3149922874711,0.2782650590723152,1694.053990907855,641.9929451022068,0.2659915190363312,1743.719192484731,753.0700314460623,0.2753888877705823
0,0,0,0,264.5622795505,297.6557993484356,263.74429878501337,6.432886988376991,6.10251056368523,6.074786079322331,0,1824.844070077109,716.5952807523078,0.2908939141044256,1820.8392141967468,761.3920509241062,0.2728625152287451,1564.1054060175045,727.9563538909398,0.2832074195290257
0,0,0,0,254.74779961598804,262.32168497205987,250.4017631297548,6.229931912674551,6.64110548925571,6.087582885444111,0,1830.1644644475969,678.7357948012533,0.2868053219563836,1768.7850055206318,666.2414843689062,0.2684792149597517,1665.408198127693,743.4040053730378,0.2887557629354136
0,0,0,0,296.6403331859681,273.2651587285603,302.03585664111307,6.295547312638861,6.420156201778662,6.311685347756228,0,1739.0800705402971,692.2569851916426,0.2753857220666757,1519.4153435412238,677.3972866825148,0.2902286150219598,1742.5325242253136,675.3874298824526,0.3027942386880666
0,0,0,0,282.8974297859484,276.42248643507725,260.2850846772237,6.574507182562189,6.107935703508156,6.145247240810517,0,1639.7015129573722,675.3777407434857,0.296888714124511,1527.015517029302,629.3439805174517,0.306081403566676,1716.3025904543251,660.0433664939613,0.2891915271728278
0,0,0,0,258.8626143453148,295.81486502652587,272.31546802639184,6.620809846770998,6.107659646731456,6.339199752482333,0,1786.8252427680222,709.7116118924889,0.2863627155785033,1498.779174809573,629.8039884795572,0.2926529613105334,1477.4863179202257,674.1028603226487,0.2991248266855936
0,0,0,0,274.41835433323206,264.8076963626198,261.4844695819916,6.476790113211511,6.16645981176775,6.56003760462089,0,1580.2950806385545,703.0101553703344,0.2949278663207135,1704.6872365280162,742.6631230390354,0.2846513801989644,1694.4172224587,677.58093045757,0.2883414574821686
0,0,0,0,261.18031909982875,280.27324954260547,286.784920329425,6.410063528778444,6.374905254002927,6.382368098918491,0,1622.2725801984705,727.1581234333922,0.2898239860779313,1800.6669199220837,738.6053923982579,0.286312887266539,1636.4313536702866,642.5563372935435,0.2872187472761949
0,0,0,0,263.4878479514934,288.4612146733159,281.5234012413574,6.5923867840131,6.360395042303981,6.294183053238934,0,1614.4810865401262,721.4181305043214,0.2923168902612989,1538.9233947220278,679.3871770141285,0.2698400380545928,1730.0531005479986,646.4117867270918,0.2731932531707476
0,0,0,0,272.39956546310844,257.693894068302,253.30642095671143,6.59982001586957,6.640091606692921,6.622572127288063,0,1739.6938453563207,650.8490190556834,0.291572716137249,1717.4446703989763,666.7886320915563,0.2926158328492734,1532.332188561662,704.9609756938451,0.2769828749032822
0,0,0,0,289.6790079646467,257.3798695137709,287.5495098655907,6.505022389035752,6.226114939463914,6.444690389200622,0,1727.3393175002946,676.7267009168194,0.3092632511131706,1578.451048178777,764.6888894462718,0.2834234416884096,1544.5574018952514,648.9488643328094,0.2786615151357929
0,0,0,0,272.66578648896075,272.1608100230012,255.3466147991167,6.16163308005547,6.230923176877741,6.112443672552546,0,1509.0543811703913,711.7761854424631,0.3127118368829419,1498.2714982254574,721.8057704105777,0.3038305871210358,1734.0187548973042,700.61462249812,0.2675850504581918
0,0,0,0,284.40380891046595,275.46538051675634,296.61239311681027,6.208848740205647,6.616390897431545,6.585823159756961,0,1625.6056588930796,697.2662691890912,0.3054189276678469,1631.03250450279,734.5670894768931,0.2878454559816073,1503.6940640627029,744.4625238029598,0.3041596406585647
1,0,1,0,293.7735708586393,306.48971320500743,282.7431475776623,6.140482859794141,6.048117427917519,6.0221477256482405,1,1771.3121056265386,707.904596167429,0.2808167716028465,1545.7476334804312,701.9264806138219,0.2921470876485241,1789.835423830806,622.3268042428283,0.2721857858184247
0,0,0,0,250.6180860130467,253.706580717085,284.902004541962,6.372120051106496,6.35980912883318,6.329837814114246,0,1813.76510382735,683.5340212623254,0.3059716329721854,1648.684375984932,696.5461954118368,0.2685795770736868,1725.8455909998574,682.6757288471432,0.2724818629905416
1,0,1,0,285.8312260904007,307.0562300045436,291.45563415883066,6.122427119485328,6.344831215239527,6.528911451711215,1,1793.774494373037,676.5436795445265,0.2745954964430437,1520.1472921629186,714.3626432353866,0.2770497088481995,1795.9258906177463,684.9460098394336,0.2867980631485777
0,0,0,0,291.6729656143886,276.4562787266287,261.7259921128463,6.097161276051312,6.556942328628581,6.564944469062915,0,1685.1011624590162,667.695933293847,0.271401991073843,1780.5211531761154,640.8485777545784,0.2694457373125984,1517.2925486859583,714.8159221581974,0.2702229426122072
0,0,0,0,284.4366136400793,266.2085008769591,279.90893881424705,6.238693478996436,6.46851533050059,6.091842976410835,0,1765.9013793241056,626.3398296331443,0.2973216995890699,1786.3467118648682,644.6893090867245,0.3057566782262695,1615.182519628842,638.2488868692624,0.298294631926732
0,0,0,0,291.9723588228846,281.82655101577734,274.3810432153735,6.080277081402276,6.618370837897577,6.310020470635019,0,1671.486685709941,703.2063858297547,0.3113234207424628,1673.9905845668357,681.9467151365619,0.3048959064162755,1635.7578965286827,732.1780445860394,0.3044597945614185
0,0,0,0,272.2434299802805,297.5908618288124,299.4561646585638,6.224282145300844,6.3246392651936585,6.204470979825659,0,1666.741536138361,671.2055855500355,0.2784209328144433,1606.9592027820208,641.9052235176165,0.2763779535068888,1530.3898235973224,679.3046107436516,0.2798703941097609
0,0,0,0,251.79204157505671,278.10437893814617,272.4456913501345,6.217854459633525,6.628021807976443,6.492019159705109,0,1684.1639774908188,668.4190064079461,0.2839950864668236,1621.3541933261115,663.0018077060195,0.2765942576623243,1542.5601802678589,713.3505930584025,0.2664742025572534
0,0,0,0,273.09915893766873,294.6700342531726,266.66265690693444,6.50441706897206,6.049649401682172,6.468709712255966,0,1615.591643315643,670.0100624901153,0.276848104161075,1779.3207729036196,654.6372880912223,0.3061218278839498,1579.6777962770086,740.2747324355303,0.2714162826638691
1,0,1,0,259.7514187004147,307.8517388186599,285.8891510524492,6.325388208623019,6.254832558451543,6.428349885164439,1,1529.8512069079427,621.3501834655419,0.3116819182546297,1802.837663297564,702.9357806589845,0.2778239474028923,1799.2620912662549,652.5160454432526,0.2969693210330356
0,0,0,0,252.7283588792349,297.18432306822143,267.9508718824126,6.085245669574249,6.33935971800151,6.489987903167191,0,1503.8012957634207,727.6629731679711,0.3050105381538369,1595.6639000572015,648.0978628684603,0.2785227777780145,1651.9339389119343,626.8314528532547,0.2663279924030583
0,0,0,0,255.5214826077312,279.1764705390824,256.52864985665366,6.273147475796167,6.245590363809085,6.33555823960962,0,1814.074294559052,679.7571217686921,0.3049894245124638,1531.949030033781,749.0717554453814,0.3018518893585058,1634.7949637058118,701.819787041788,0.3098121893168238
0,0,0,0,282.0289104466529,254.7852903126988,255.7960085682433,6.35525672552553,6.487320255822401,6.201987887940188,0,1519.2951898830672,603.7426236584836,0.2760167345443914,1736.3673174152943,645.9788035932362,0.3043284925572191,1556.6513078531066,667.2039894643962,0.277414330765278
0,0,0,0,276.9865554358629,255.9295195829156,276.25082566283726,6.271191040739888,6.412897745606239,6.366775772590122,0,1831.896056424334,602.818913659333,0.2738871852299969,1514.0342647140146,743.5688401265143,0.2891587279159142,1531.0304554110917,643.2923147278918,0.2804199249099335
0,0,0,0,282.79092100642924,298.0822968119556,285.61619213924115,6.1463103498146365,6.515618420928854,6.418165154707508,0,1541.3346901545858,723.7803391987504,0.268219775901607,1594.7155008663271,645.918941421227,0.2720154206658138,1731.6135954106144,744.5977967859887,0.2979001303023731
0,0,0,0,258.49287730933617,292.4937161045617,299.37787789247955,6.16740430756017,6.2714679914590175,6.175019865286274,0,1783.690818951275,623.1134031926953,0.2706027605777371,1801.758621147589,717.6262410960487,0.2694316081606497,1585.5737581886417,671.3057365289969,0.2678831916198753
0,0,0,0,277.40653624224325,298.1088916939146,291.1676816142464,6.091368138480839,6.113699446674658,6.458929941604088,0,1636.3719131237694,641.8232825014354,0.3036227432668929,1617.7649006482682,679.0432827518533,0.2722860087762088,1537.4446111243506,666.4391647190178,0.2704402987478609
0,0,0,0,284.7180302706059,285.4830071798635,293.623620816268,6.0901360008007845,6.593710999046176,6.419055112257911,0,1831.683930404391,698.7152089396828,0.2855830809462186,1680.1106379853422,651.3352700977183,0.2829233170411983,1688.338776859495,734.9218006072105,0.3073659710754516
0,0,0,0,300.90688358519435,287.0655401000738,272.7778958986059,6.073347642345382,6.1221697551185255,6.121499418869407,0,1684.169779792788,693.399764136509,0.302872434081072,1760.996793450909,727.3598729893055,0.2692311541084949,1585.6604758907692,618.6969886044623,0.2842387876683773
0,0,0,0,280.3691666625929,259.73268484534105,274.81483908231974,6.40549338960769,6.555835521706396,6.63243384926216,0,1724.024022027438,706.0731638569231,0.277342409411384,1547.9760671949605,762.8421202132229,0.3046307891358562,1506.9587934452156,657.7222192037962,0.2953841471779859
0,0,0,0,269.2723813376309,289.6520235979304,292.7291444283335,6.600951257952801,6.178458532560505,6.367447098504397,0,1524.4047195787898,668.1146096964239,0.2950426778410129,1617.1051161904331,744.5777576424587,0.2743233215878035,1724.874903669271,713.9409655213874,0.2752052468921149
0,0,0,0,281.4204831268087,260.986456589224,295.71766246069217,6.562561401262568,6.263176771586792,6.233001028866778,0,1646.7711379958314,723.3137799590216,0.2885052753031293,1812.2839896785088,671.5702637053166,0.3058269938817785,1502.33075020689,715.4405109643905,0.2800776845421385
0,0,0,0,293.30791906358047,277.8696651717521,267.17037463451805,6.293501665851888,6.2547889476811775,6.34314790206187,0,1664.5174185561318,698.3483424570684,0.285211764392889,1618.027293237888,700.3053441322955,0.3030518140026538,1694.8954742490787,653.11749889793,0.2784852767430104
0,0,0,0,301.66309681234225,287.7056280374416,257.9146353510943,6.471292914227112,6.339222159590352,6.613022239626714,0,1695.2083201597306,681.1222949073482,0.2685648020756594,1677.3350192172384,677.1023971829524,0.2690129784129657,1609.006267184915,680.127657993167,0.2679527869879669
0,0,0,0,251.9256770642818,294.8249211273568,260.8889156953655,6.467271512351656,6.12308759028099,6.419703476720457,0,1682.1559924842936,662.7286018702368,0.2786466549427621,1559.0531204730955,691.2157125313261,0.2785978975468388,1688.4198584593692,729.1287185042629,0.2850529796960172
0,0,0,0,253.8976842537719,253.3736081293433,300.50785928476574,6.186535348327584,6.344730054305835,6.353460921932604,0,1829.704410758884,674.3131521347735,0.3006474368817013,1508.3894764895615,706.3363992923981,0.3082920757629683,1625.233425764273,745.6297508522003,0.2970419539623785
0,0,0,0,253.4432079999725,285.6842998488927,283.7796853064083,6.308104976151973,6.242489886947989,6.225522418200158,0,1582.707768561664,657.5813153939229,0.2886585350534332,1550.5216589172032,697.2082585768952,0.3040534949873816,1781.69197322005,741.1368803917206,0.2752913058444783
0,0,0,0,252.0284643258826,286.7180611034433,281.82838432259234,6.482543586211865,6.352232747469985,6.364027815087224,0,1778.8215832011722,723.4823226653757,0.3091391193145971,1505.1690707463154,661.3896159904576,0.2867099703811009,1718.4661756044625,654.5317239818097,0.2919513630018517
0,0,0,0,254.7336573530568,268.58118649552506,284.88956937852464,6.275152003117698,6.332053246952865,6.569801137060923,0,1752.962200086324,687.1665650550818,0.3138921383910015,1605.4582576422918,688.4137567067772,0.3053052660778874,1541.7482278297475,735.817324754971,0.2682831958785906
0,0,0,0,299.1750320498708,255.6459497799574,270.6338562447655,6.221607120923051,6.239614921131805,6.255379911893898,0,1607.5298260202671,663.1761707220761,0.3115368756844837,1780.6602288620538,682.206438776903,0.2745205428075427,1775.1012252914325,720.5587695455083,0.28914799711994
0,0,0,0,304.71433386438173,261.7800195120006,286.93603601369466,6.307821371747034,6.616651945803544,6.607032480633644,0,1521.9378740316995,630.1219143157238,0.2877440564756739,1750.834000473372,664.403601933205,0.2928496521686384,1764.0283123217105,686.7703930629149,0.3017758085706362
0,0,0,0,281.05027673250754,268.0736036484199,276.920496299943,6.363160508321026,6.0298630910662645,6.624456559903824,0,1540.8038864909834,612.1089462662933,0.2921508432816421,1736.2040633029292,631.5476174096142,0.2930589561636697,1633.7586109029655,624.9304534947029,0.291329914625066
0,0,0,0,296.53765939260603,263.7103575491324,261.865191406597,6.644295659964466,6.406303440468654,6.445554760392359,0,1646.179134681248,637.799434879704,0.30993203628462,1630.783752696493,632.7453345681771,0.2814531005975066,1786.0408746034416,652.926845745256,0.3035005125825896
0,0,0,0,252.9135770364205,289.9455576751808,298.1030727919097,6.353929836935,6.538330056410533,6.338640718626492,0,1526.0487726385934,719.005886565781,0.3033167962116143,1711.1659838823432,762.0317744134713,0.2986132319600713,1513.4121537166147,688.5486008162252,0.2714273253280892
0,0,0,0,282.73523796387406,280.57932134588725,280.47042465539647,6.3187184574528,6.618512915625631,6.200564489259222,0,1710.3630393813269,596.7483696472638,0.2763700625148837,1623.435363109743,686.1521493662614,0.2986477769655099,1609.7001369150616,646.0323750559118,0.3107414386935835
0,0,0,0,257.0928208640646,264.2687303910656,291.6717336187173,6.248675247894852,6.067245754089645,6.499582903160262,0,1511.1203055306137,624.7638274016846,0.3039825475079576,1653.6342564608751,628.4100932294383,0.2691670560271523,1775.0103034777862,733.2366347627462,0.2974901084711188
0,0,0,0,252.7455202373328,266.0521886899496,259.6910210539873,6.508837518213194,6.551904380203185,6.1454316332820165,0,1784.7983499360596,701.1498204785315,0.2911581198481067,1737.6413394154686,763.6783005169938,0.2724864135749776,1734.8239686293723,641.8157113612864,0.2686063463605552
1,0,0,1,305.2800959816342,284.13706654594915,261.04804671901707,6.02901879850055,6.587561090258303,6.434939409166497,1,1781.37041192895,643.7626354287219,0.3068655022609143,1803.8040122398777,628.2887223833008,0.2687292898364625,1766.203782387185,679.2045309262927,0.2939200238307826
0,0,0,0,260.3055118272096,257.80087362526496,265.65016431433025,6.522837906510429,6.370652427271128,6.341614141275617,0,1825.47160355818,630.9587573415727,0.290514376951299,1663.051953250363,647.1464908292002,0.2858886987739259,1667.009682429088,617.384367543314,0.3011364636345199
0,0,0,0,289.42655348416395,266.4597217177175,266.8640445063477,6.245161956741004,6.221434608371942,6.452465894957324,0,1520.167638364578,695.308150645839,0.3122198421498772,1557.0180610569553,707.4101255546232,0.2724465772695009,1658.6385510173577,669.1424106339389,0.2851720271780166
0,0,0,0,281.04839620324174,292.69178615497987,295.74284691153906,6.017022255458015,6.599218570093546,6.607429017506648,0,1528.7064506183267,712.0229549887522,0.2708553276689876,1585.896087387871,678.6445358569986,0.2918255217935327,1717.4589718875654,628.0825368119201,0.296833205520141
0,0,0,0,272.62006263837026,278.4785392017304,262.2546387930911,6.311254318657851,6.20758873086984,6.085762814449585,0,1518.903024989977,620.6994506549931,0.3044560499285448,1623.571668669159,746.0713193877737,0.300253154014552,1557.641657078638,742.3075468945333,0.2927307703865943
0,0,0,0,279.4588211895104,259.5227887743099,295.0741856993769,6.390815220733334,6.098279524856743,6.494914405275383,0,1624.7052015747288,702.2116344292498,0.2918562799878401,1674.3795807291815,757.5208210455546,0.2796308792944461,1556.2696146189785,621.1974293929297,0.2702548777052539
0,0,0,0,290.2859832072099,259.3251044968063,256.7242890782749,6.139696950784968,6.273899971790322,6.522589586086851,0,1626.455657591758,661.8014923831955,0.3013891574757584,1657.16452351273,702.3787614396664,0.3034992780172961,1702.1563102199264,692.3408375547772,0.2982562140616938
0,0,0,0,272.71522486659603,271.9600381442149,288.85428639501185,6.100912903966103,6.590876740760867,6.513922467972948,0,1724.7835806982296,664.8411911498771,0.2973298551789252,1691.170624351192,638.9208113561218,0.2862508267649672,1637.16231926859,738.7459428544969,0.2780235996158861
0,0,0,0,272.6364396706686,257.9502412464997,270.25876274372314,6.582103872451947,6.564358618331911,6.170359276673615,0,1801.741765044785,686.1493135779608,0.307684266130146,1602.4961793082612,651.8693562787228,0.2764025083408077,1580.117780461728,634.7046839256785,0.2793592147997724
0,0,0,0,281.6131973833719,295.50164485008673,266.2833577752604,6.2929945601474815,6.226802684665169,6.522507905083699,0,1618.2580026056953,694.1860622471054,0.3093123284845282,1743.3854357907878,648.1976146655693,0.2712988818426724,1555.78967080273,624.8827953077674,0.271653925057751
0,0,0,0,297.5175206527624,289.8042411347444,248.17610306697443,6.414482143579338,6.1642223419662985,6.247219978654418,0,1587.0336612344993,668.8931522269069,0.2920587125306886,1783.2634511524263,670.1277967031048,0.2976853614060878,1590.325788862658,690.6446706813009,0.2688910271975949
0,0,0,0,293.7080938692736,294.6075146605319,278.680053873505,6.151160891902835,6.435709372932008,6.483082781373983,0,1728.5473505767816,701.6962798244167,0.2936758318201206,1614.1011113281882,739.7257311118589,0.2789920241106427,1599.2566944910757,657.6813906519151,0.2870036939099301
0,0,0,0,295.25333320626504,258.4996470074262,270.10152305876807,6.601931877635942,6.1635200049342,6.067942503372247,0,1684.4894471640214,682.9411214461343,0.3097726846218981,1731.570320878184,741.799905833936,0.305308958525871,1618.5389311724514,647.8173333137736,0.2791258872499251
0,0,0,0,292.7162947556184,257.99965075852833,272.5483519610687,6.061117134912665,6.230196251505233,6.1529012205282525,0,1778.8118858213852,652.006177647187,0.2952877476847264,1525.7328579038162,761.0005792588081,0.3029798451884685,1781.0141374328314,663.4093686256601,0.2730254539578868
0,0,0,0,281.1068868469636,262.57731248359727,301.9446211190036,6.610700142695861,6.088259342792531,6.441176268033651,0,1503.7718854810448,626.9265680101007,0.311431139578684,1685.4586752746552,747.1085946502551,0.2875287394680757,1499.3207669181552,752.1774464482666,0.2845931783264852
0,0,0,0,265.7965886791012,278.2325788788244,262.7019406587809,6.366436365621129,6.546542342564546,6.112496263446835,0,1604.0974503461568,606.858653873772,0.2672506797095165,1686.1660663548064,766.2485466201812,0.278624423016289,1528.8178567188666,655.273882084424,0.302627889454398
0,0,0,0,300.1276170161356,259.3031431424425,263.07576785914443,6.630520676681568,6.567544185830433,6.477638867188438,0,1580.0515731671871,712.0281785137772,0.2826605607927597,1707.371627631616,649.974273598143,0.2853161028516085,1623.6637948488933,751.6910171229783,0.2680481357521953
0,0,0,0,269.55044757588445,302.1324488243936,292.6753110029082,6.3183431677772735,6.611049708328621,6.203461203630641,0,1670.4829209054374,637.2221536508964,0.3015670110782836,1763.5474341470413,745.539143532307,0.2909655200690157,1605.656025169239,659.6184342862839,0.2873804299990686
0,0,0,0,265.69538029356914,256.16972952966483,291.2357334565934,6.62199081071822,6.086549198086551,6.479334771484789,0,1606.9478585924714,608.3917957416618,0.2920227627126103,1568.8445908333583,691.7226351180778,0.2854761436320625,1614.7814525262318,661.9177867769918,0.2803098958666145
0,0,0,0,292.8122072465634,260.3172650685584,273.78988382447056,6.046270791689938,6.16572861769739,6.340660384181384,0,1506.7739863640309,700.6817213992385,0.2896807849612169,1805.901937443048,746.7824256176219,0.2984179403504819,1794.712155405611,748.4716730446266,0.2755686881283996
1,0,1,0,294.87252552127126,305.3252162714812,255.8918020412397,6.138160662830398,6.07291164530434,6.243411003867036,1,1573.7904590573985,684.8764751798308,0.2862791351317362,1665.9580816546425,755.0059530088836,0.3075125193104409,1677.9797399833064,638.0482167308263,0.3108351720936761
0,0,0,0,300.6268827309597,263.84423976130216,259.75114188821635,6.118986124325238,6.280181570945711,6.600838487034558,0,1542.9452738792006,606.7198518722699,0.3100636020926604,1645.1235648439888,710.4860008786301,0.2685572140873795,1772.8047210278737,723.2093786744407,0.2663922816905467
0,0,0,0,267.9954157869036,257.0021162694151,263.96087852194273,6.410795320297353,6.592231419521427,6.259990710815901,0,1594.375525968481,715.7712667516056,0.2970712214587329,1814.2999005997835,637.8492929538662,0.2901144589915095,1533.927273896188,695.3810375053758,0.3103646660330438
0,0,0,0,277.7705907670798,277.39470764402984,289.4520324536965,6.065793271731078,6.138669181135303,6.141691372506888,0,1709.5035918978826,640.435718918483,0.307540206022563,1559.442350324978,734.139063413325,0.2776294996007844,1580.4845025087063,679.9638550319477,0.3096720588914715
0,0,0,0,301.5697287023324,278.8508804497162,296.5411693447438,6.144255759704799,6.5870094260832985,6.52187856658492,0,1622.0978004298731,615.1868298830572,0.2912291298229646,1805.0713477139896,680.466513128174,0.2882133357332887,1476.238490107958,660.0493166001714,0.2852434565680408
0,0,0,0,262.59384807009303,255.90260939021888,270.15447024119203,6.139634841429811,6.162823816943633,6.630176260174057,0,1515.1087681485471,680.5466796291805,0.2795606935296145,1762.4905130762002,745.6657995922665,0.2878075002750466,1540.782421217508,645.7118694755444,0.2791573105774886
1,0,1,0,259.431486310966,305.4863454654966,249.4638168439708,6.253440836351285,6.047233367711588,6.2664448652284745,1,1806.609011158337,676.8389546487168,0.2866066131004015,1565.8151285310853,705.8707864576688,0.2940078627654408,1687.8240142853622,711.8133844833891,0.2953801877662205
0,0,0,0,267.6376702165186,279.6709382820187,291.91033400351586,6.072506367835005,6.217466580303691,6.56012653811049,0,1645.1004357684278,612.4551862985,0.3118637888325827,1750.6528862763903,696.4041609932275,0.2797095923237827,1695.6431034672112,622.6522140756612,0.2920155602691353
0,0,0,0,292.2181335140891,295.27330150765755,267.0635777063148,6.0997136765886655,6.316590101615235,6.353595676174358,0,1578.843267391135,712.1866339921256,0.2681320725187057,1644.4323838263092,628.0098166447726,0.3035478372092318,1697.0501343050112,712.4376889382554,0.3102709990893347
0,0,0,0,279.3399942036966,260.0689767816194,258.2218544990033,6.266324481375793,6.55014661686793,6.392145252202858,0,1820.9225606396456,680.3800297841468,0.2812411226317728,1616.3123400360464,719.0495300354771,0.287234208426324,1494.9311008944474,672.8232897698415,0.2910922432565763
0,0,0,0,274.0493280030635,263.8726252826696,263.9523009410733,6.487204513490371,6.356384267766935,6.283156040313461,0,1778.9266552732558,697.4662844217247,0.2690133638226598,1806.672528401877,743.3622071222119,0.3046306149908643,1629.331133450867,637.7711498807702,0.266938875235286
0,0,0,0,302.41204897804795,285.5489556878144,249.4221593688681,6.165676252473286,6.438987782354629,6.1295959204140935,0,1582.60889960054,606.4513272924314,0.3109624738374824,1798.9452506073826,675.1790230942983,0.2942865421612624,1747.5112916310818,721.2207251802591,0.2819109434281006
0,0,0,0,270.7605260540243,267.04048137996006,294.8600802321362,6.351039285350745,6.526936288193279,6.164131265594293,0,1502.5734684116403,627.3393247376504,0.2770014631092106,1588.88467498707,653.7071979718236,0.2887995299651139,1500.7831332375754,665.0263517177815,0.3005108213142025
0,0,0,0,280.41433904145504,280.6923751363845,283.92787396688664,6.530323867073171,6.041916553766084,6.191301943573825,0,1822.8886632528536,700.3003998322158,0.2956526485008163,1823.127561914584,680.4544926573612,0.2723242804113093,1667.0503068342518,696.5718237644228,0.2863657754426327
0,0,0,0,296.2613055350608,297.0296709564209,268.34035827552225,6.181028850623364,6.266579348392458,6.473036565398251,0,1652.2857396616678,666.5639132252239,0.2984732389175115,1710.676370740292,648.0068289786612,0.308847931105388,1481.7075354265526,644.3189169750985,0.2883031505348929
0,0,0,0,298.60057700849995,259.6913661375766,299.12803501452413,6.34705196481578,6.524878252546484,6.340601448894653,0,1812.964975678484,659.432747636985,0.2903080082444333,1578.0115595611671,752.3712050441596,0.3078265735114625,1696.9823147349482,722.8294075838842,0.2716213682171076
0,0,0,0,283.20514346626106,273.4805405490135,257.3258596578421,6.03501988556697,6.290411106424896,6.3746100112565856,0,1668.6240127397728,615.9070610328076,0.2758081492924456,1703.0723009492535,637.3917069683858,0.2887727744259123,1683.9727331710524,692.4556521738348,0.300072477999242
0,0,0,0,268.47302524025486,253.99198595920973,252.287206090888,6.497607170371939,6.430727620309872,6.595607522617312,0,1646.9884468659975,659.4840332903872,0.2977413486336928,1701.547374375347,670.1944775541685,0.2692151725332961,1700.9765711068794,633.6261777245377,0.2821958138154555
0,0,0,0,282.7346558214167,253.47522612766628,250.97138394069967,6.542210177888279,6.144090079781425,6.029248916408193,0,1517.0708310588432,626.7291916681647,0.3091349982257604,1814.7179313725385,712.4911864907064,0.2774462199586353,1555.264173837256,736.9299051628665,0.2849688880371716
0,0,0,0,289.832908656096,304.006410995258,297.15812641749056,6.594566061694805,6.525966403961689,6.088913790954531,0,1638.7325416166668,620.7279291079369,0.291565443773237,1517.7975076232772,723.5227088172101,0.291964804051079,1650.089917426977,736.6528623241317,0.2846929477421839
0,0,0,0,276.6003578325288,268.8496745605537,287.87518201599937,6.057910199749631,6.308417387420977,6.559938641699267,0,1595.3616383931123,638.3562054536724,0.3117458567916547,1719.0725967714966,649.6193067445688,0.2879655037182397,1680.3194401106812,707.8398502804723,0.2713997140239203
0,0,0,0,302.34951112711724,293.4313255730897,289.6026168991801,6.097226739566127,6.493945300703462,6.077193413889841,0,1761.1464812011318,630.4582598882056,0.3112022500588473,1568.734818624156,688.7533042643901,0.2941136575067786,1790.4905191962418,738.1260381843999,0.2781491647980514
0,0,0,0,295.5196486931551,293.9895002698449,250.14571031263543,6.341398676805746,6.276792027371014,6.555441216481396,0,1656.6843346447918,637.0234535218048,0.2945760021930129,1705.082399975512,724.4618638079377,0.2984805010363154,1625.2493265357857,652.1557333953162,0.2768100005087563
0,0,0,0,276.65694354509617,279.72073408358506,260.1284595117009,6.574656627853061,6.644594666433528,6.270571963553171,0,1628.8184651211343,694.6192120942469,0.2717483364993807,1752.0270434058432,656.3556185223381,0.2886674609690622,1730.741141860005,721.8309837562374,0.27616983603806
0,0,0,0,301.0418386239579,284.4333130968244,277.0615354484919,6.38839380832648,6.324590037105772,6.094354714889502,0,1629.3449083778646,661.8327736828799,0.2957124429329229,1663.7664557103533,651.6018827752007,0.303235899921459,1726.1760824708133,743.9080135110378,0.3098646615625849
0,0,0,0,270.32786450346833,263.2796227857239,272.3661303453439,6.0990894706264855,6.176621674424272,6.119468739564911,0,1675.58006893751,610.318927717752,0.3112208401162032,1631.0902829952452,680.4103707200915,0.3023902233642212,1562.6278409417284,685.937968740809,0.2723915493647477
1,0,1,0,283.7991231118667,306.1420640770426,300.7075786088094,6.371416730100743,6.171523281907051,6.555173642538376,1,1741.1230505440285,719.4916987521264,0.3101961358892527,1539.6496409146894,669.1396308937741,0.3070899860854635,1511.1023420826605,745.9598951983121,0.2853176569147176
0,0,0,0,250.3569073431259,279.5733557337668,292.3202919853655,6.293336390018791,6.404873052865832,6.584444265013527,0,1517.874912211823,667.3823884310737,0.2831461557269902,1784.725493877604,719.2490418624456,0.2855134870447788,1514.2957201969218,689.0628380801243,0.2788127186472668
0,0,0,0,252.4528377061281,300.93221883455664,277.6428149660914,6.436486687073249,6.595610089149538,6.043370117393251,0,1790.5612341637875,616.9735190280613,0.3054886372903002,1584.1014841677938,752.9760121974288,0.280207016921665,1489.4236356860958,714.8674670051225,0.2863072203015928
0,0,0,0,264.069352680499,257.41488452591705,264.9142025064369,6.133837934713847,6.13781420291361,6.621356774119672,0,1726.1819845203422,595.4721304315609,0.305181101960965,1624.3087624527648,694.5802470745624,0.2818137714200924,1685.3412651158346,619.4298620420996,0.2856370746439494
0,0,0,0,298.42048300978524,285.01916710662056,274.9903311157751,6.204125736874224,6.050471106730564,6.35620023328568,0,1534.0641658064678,695.7649338478438,0.2957568855091195,1542.619430164278,713.7657877695428,0.2749261557802735,1567.9698768749436,746.096443949541,0.3049527767385799
1,0,1,0,289.946177143773,307.9515625898702,254.38098078983683,6.062678557559828,6.116934034614239,6.283705629336664,1,1537.9284691337036,660.6215280385703,0.2747609677476882,1657.96065769339,677.7568998181816,0.2951232845240518,1565.0846470204108,737.7879182854919,0.2673847739468438
1,0,1,0,300.57015046723865,307.3107354671593,301.6580536283236,6.540578629821278,6.350043109040967,6.036273157052455,1,1601.8480929905134,699.854256070486,0.2686550527033052,1596.732296183481,677.5426196765171,0.2683077705419512,1689.7098228728928,676.8483724682671,0.3099400581554746
0,0,0,0,263.4979055818333,263.8535329623795,259.1183654159291,6.350110317816282,6.152428191861204,6.55662903591414,0,1663.5456282004727,688.4190078333039,0.2703900157698899,1741.2940107285003,653.3752076687753,0.2920394145500977,1783.875829508977,687.2223910026405,0.2819890045585332
1,0,1,0,262.8348876689716,306.0277070564319,262.00509116854494,6.044820378344055,6.267510315881244,6.2992937525700805,1,1592.1417744413786,681.9844253020582,0.2923433716445626,1726.5717528612972,695.2022529876884,0.2891885669052531,1629.3570448874718,712.9872136432556,0.3095523172952027
0,0,0,0,268.1239173258287,295.70825040079865,286.0042736329434,6.040022052602589,6.640315302958166,6.298595028645738,0,1668.1996559997408,667.4595826504282,0.2751253053192031,1810.3134755597764,654.48536123761,0.3061669996273556,1652.245075793055,732.5635487617479,0.2879776552553911
0,0,0,0,270.56047313271665,290.85829568354205,251.6146995775712,6.325525798135589,6.417601870728179,6.345081788544594,0,1695.8571059231188,620.4368727855668,0.3096611328154219,1528.989066153507,711.2053881970926,0.2708609589927614,1607.0677275866535,696.851500774653,0.2696633919068149
0,0,0,0,273.76817964927983,271.25284628477164,283.00218871062884,6.123946494889283,6.076540049508055,6.027037956029817,0,1832.073215422308,669.667777408431,0.2995959813266952,1820.3181968511049,666.907761472222,0.2850342230661233,1740.632139528493,689.6989441861393,0.2785178085475076
0,0,0,0,253.26047534343792,256.6476376667766,259.2046671765576,6.116168247027011,6.453920489640706,6.435126610911811,0,1801.3334683756173,686.1905238648188,0.2789661995085126,1686.1968291074097,683.3859414989615,0.2822170158220949,1793.2120372704603,640.2830943344034,0.2934582469810596
0,0,0,0,273.3907542950166,283.50665430490506,258.07372789302,6.296055027089938,6.209551181292803,6.448075882623587,0,1587.3495576357957,704.5969961180992,0.2900631350688757,1556.3517398021577,638.9915816714046,0.298620775795286,1603.000193994911,673.156369697921,0.2874642990252796
0,0,0,0,270.25517637124125,269.0496223909842,296.56921207259694,6.077000433182355,6.307932195451516,6.144740963526099,0,1605.8751393570235,683.2412331800055,0.2985750678625906,1560.2207592542777,656.3338250962042,0.2662786037374292,1549.6225710747467,654.5090609835592,0.2714524014922641
0,0,0,0,285.33187527422933,292.7561071649628,276.767538584858,6.060873986502348,6.369568239294496,6.2880285779103975,0,1547.3014902529685,680.730201197677,0.2831983315890333,1581.0219237953645,717.7060649652819,0.2706416082377068,1562.8453887997862,698.9322363804519,0.3063053121344755
1,0,0,1,305.29918893084607,279.91176250505885,268.3664999066218,6.398011677359213,6.2491443137751,6.540806536716446,1,1637.619165164102,625.2173525341402,0.2793054139483128,1799.6890972884378,678.3385538722113,0.2826772068656064,1688.359734396003,700.3240540249686,0.2811379339320172
0,0,0,0,295.25003989773705,280.9074300734102,266.1371534792516,6.037593556960931,6.439227603797687,6.098889029021919,0,1793.2411457461797,663.2636739078672,0.2859608319071432,1500.157551165354,748.4612925751793,0.2861074097845731,1619.0908901763726,684.1864476541404,0.2843941809703527
0,0,0,0,287.51920840926937,259.10725983346083,251.5949461934148,6.279729084774014,6.268152521648502,6.057333880706732,0,1823.498151286985,674.7126045300013,0.3052559179993208,1607.8907094361366,706.3715369981765,0.3055001127388747,1753.7628071646188,645.3682650819206,0.2968144233043071
1,0,1,0,279.98059390867195,306.15909870078525,293.2819741742549,6.540514987691718,6.279366380331367,6.641332119199767,1,1544.2586025348503,612.591276370576,0.2934373190204555,1604.5978366578668,711.555876915747,0.3087449945055074,1482.4376806592963,631.6755686206764,0.2940368980470595
0,0,0,0,295.3984039118154,273.7242298961091,280.9590470210186,6.193863963793336,6.336879096852175,6.381823860033661,0,1582.3625522875109,699.5479652203902,0.2698417377425131,1682.188094853797,728.544778717192,0.2818067798565548,1654.5412562462898,703.9275011963084,0.2776385269978726
0,0,0,0,254.53969879901865,292.38203640326174,257.8340710603087,6.088806582967716,6.51625519545324,6.05014667694009,0,1577.4782128579575,661.6028565713426,0.3068102090215781,1612.5871887755052,683.4046430538257,0.2836243122643606,1668.734416347527,751.6823541942484,0.2732993050102531
1,0,1,0,252.4319412008077,306.1194617627492,271.9969585481452,6.506737963960912,6.275521796949416,6.130772712892226,1,1586.828268209278,705.1935966532079,0.3003739471840107,1715.9695445359898,691.7929354489595,0.2947115510340398,1641.5220010003611,688.6042633764406,0.3034601236243218
0,0,0,0,290.6761095856597,303.2203152563142,267.4671948306938,6.433476822122455,6.599112660003557,6.354566578573506,0,1540.3515149684604,690.7675847045998,0.2907727214554486,1514.2494480163284,741.3675537366723,0.266964237871781,1523.5854671126574,718.4197208655843,0.265874751223798
0,0,0,0,259.20061916905775,290.7229520452602,284.3906376601037,6.380942777360652,6.266284134806804,6.275562925084004,0,1741.017958055133,716.7049376806465,0.3004475004720508,1496.3409755838884,643.763750793704,0.2902171526945826,1714.546837592186,687.683778998198,0.2689584880969268
1,0,1,0,260.5007422537405,308.6237094124954,283.9998956470735,6.54501207534895,6.149161460078772,6.123211034764482,1,1744.5321838697764,713.809730565554,0.2727261576293854,1499.829929301212,765.9999174818441,0.2783542578388313,1665.2311764744495,740.0177429751146,0.2804838210273556
0,0,0,0,287.05250074998287,270.5650070102204,271.9315055566289,6.132249213637621,6.12980362550736,6.214238875631814,0,1711.104269557132,639.9365404508512,0.2771418027257552,1795.7337627867105,682.3642263656561,0.2766790714728004,1719.0507058099572,749.2179122937758,0.286005210149618
0,0,0,0,297.6445743664588,289.5327613604116,274.1404693600815,6.371490008301768,6.579996832129887,6.393116903001646,0,1554.991996923207,686.7989783260736,0.2913917698728157,1642.3256089618594,752.5892876638599,0.3003313098683814,1581.761154157965,750.9128470316284,0.2967487353222443
0,0,0,0,252.27437725061293,278.2573625846562,285.1607246105928,6.220055133900374,6.227239344602962,6.337020310951939,0,1710.6097941159885,602.8727564297658,0.2683094729540308,1641.615560874961,663.6241604120602,0.2729087905569315,1540.6478817247255,659.9849368531917,0.2932095338073601
0,0,0,0,253.850173416088,295.3062309440393,249.3980953074485,6.106644805805306,6.470203166530239,6.404660257368761,0,1526.9487794338056,702.901038650513,0.3026594286792795,1718.4346725919306,693.4840995049641,0.295258618052133,1730.0179401722478,684.7390731543177,0.2822328327701493
0,0,0,0,265.2427323161504,296.2314673058351,279.04627188211606,6.420190841711595,6.372057870575592,6.485561770427029,0,1733.8105447406774,710.6613682983457,0.283324385321369,1789.3912146924906,700.5652835456951,0.2894250759690249,1791.2526764202516,626.2946185995986,0.2679867444553525
0,0,0,0,301.89279473285546,296.1368642588413,251.26627250374503,6.348710673440514,6.489772312227504,6.568955715777068,0,1707.8013277923822,659.2510396528738,0.2715992822237757,1599.532080548355,669.6917639516348,0.3044109766263783,1559.1702797920154,697.423145388142,0.3093346606195666
1,0,1,0,287.48936128531466,308.98688933030144,248.9966788610519,6.275635782695384,6.492030469210784,6.362084814822891,1,1732.7197382535387,640.9327802390794,0.2802560676641974,1710.2352533878095,676.5263483068934,0.2675007268044562,1724.8241655203203,689.8086315810008,0.3048741139536808
1,0,1,0,251.69584111733568,306.5949200115152,277.7373550324168,6.245456729336091,6.157932110605248,6.600422419793167,1,1581.6478007214366,654.6000718726991,0.2705958802724361,1802.512469701056,686.3641004365011,0.3113225294363442,1476.7933271741167,718.6833256408001,0.3077912564311861
0,0,0,0,257.5972858786716,282.61008601401096,282.1221603722352,6.074155741629417,6.105917993241326,6.590161000088123,0,1644.2524156196996,718.9590356912815,0.2927568596463125,1496.1764534883334,739.904299964291,0.2692984895477559,1543.433315107825,707.3221316486103,0.2691703616520801
0,0,0,0,283.36048558586435,286.6559888691794,255.9881812460996,6.117075500728958,6.125010876443144,6.446837092392594,0,1748.2185717775849,635.2765191810877,0.2890322193984723,1742.453199066569,669.1902997836524,0.2961990030439169,1517.058341092965,674.4684678862191,0.2770649378879997
0,0,0,0,291.38979384825274,287.46632672203424,281.6193841194578,6.179172917152761,6.072093336854088,6.190196207708321,0,1796.8872401862088,713.4204885456699,0.2764455413460877,1626.070850847438,726.4138231452482,0.296061007952576,1598.951538091938,630.3182391629679,0.2991695524706475
0,0,0,0,277.8159059978516,254.40706665992352,272.3213364912802,6.461944469962153,6.232532438821091,6.030915202220587,0,1585.6120896450286,638.347152367925,0.2829415864851477,1762.9527906199232,752.0487778007771,0.2894526171717614,1763.231459135987,618.0025926061122,0.3097448745911817
0,0,0,0,277.0012861271628,283.81732697718945,247.3293937754556,6.2297476957429305,6.155439996495193,6.604232113492992,0,1811.077828627123,598.6463023836935,0.2945975171264107,1638.4870473290705,717.9061620601931,0.2992297400140742,1528.969223398732,648.2070375015414,0.2778270642640901
0,0,0,0,251.93977398136903,258.9743354281628,259.5495401469671,6.091199533190204,6.472188386724747,6.047171998822372,0,1831.8227455053648,637.1270076783214,0.2726197797428195,1779.994272997272,662.8242195089111,0.266178565177289,1508.9314816281724,675.3108589156966,0.2762550090082007
0,0,0,0,278.4853151757316,272.8833540029176,294.37016632698743,6.173766475936736,6.257927943330239,6.608814298641016,0,1816.5264913657936,715.2892780974865,0.2939082411845767,1632.8241325084034,728.4004475876388,0.2863367049902816,1585.1586697955693,693.001380890623,0.2699367320839389
0,0,0,0,260.9700415319883,278.5742136489045,278.52103174890226,6.275025561012197,6.400141442968049,6.289521733311601,0,1571.3414749385358,711.4013935255394,0.2746465303065198,1725.9070902916717,680.397119838952,0.3058738364163173,1497.0805833004702,679.8546464299441,0.3039348074755502
0,0,0,0,283.95931733164747,270.0049814528744,270.43188752833424,6.540052189961457,6.458591325408983,6.271180607481896,0,1667.4372393319477,611.0932999968114,0.2678264520644951,1758.616411987785,668.2306084703274,0.288396603497336,1550.8730235375,634.8953863805241,0.2746981922864656
1,0,1,0,252.912054135309,307.66370804501133,293.4072743793617,6.138722796959487,6.139224882597645,6.031655454490125,1,1505.565063172411,678.4149043662832,0.2821004337916625,1610.8761777613568,676.8818713627938,0.2655955300157231,1783.2184140931156,738.3798774900583,0.2905725351019607
0,0,0,0,280.020426319075,255.998197292086,292.4972457590615,6.427138349672788,6.30611316935345,6.144323754091675,0,1631.7240963515744,681.0564321685484,0.2692941628599954,1678.622376652607,750.7277343691123,0.2700981176668895,1604.2153655329414,659.5759042203964,0.2842306078670772
0,0,0,0,258.19551005299,300.67205519394696,278.99919447423514,6.332059785695963,6.463700725162558,6.151347784725845,0,1770.1513066052223,653.8407197612873,0.2903157634369334,1658.953470236992,662.9277962273839,0.3066145717523444,1563.2538666513713,726.2004389327517,0.2675515529171306
1,0,0,1,304.92095822384016,302.4643044612088,260.7425690210215,6.0958200062258685,6.278044914590641,6.442069369537137,1,1768.2901970953824,647.6538276304175,0.2903913263753374,1674.5905402294093,633.8903163607689,0.2653098617769968,1514.78901517788,631.7993351147775,0.2847368378198153
0,0,0,0,285.8079123835288,267.61292625175764,292.45072952421583,6.464037329653095,6.556981403865557,6.498176368876892,0,1562.0754197062422,605.9497322489143,0.3115230534838657,1782.9604332505855,734.6627528910094,0.2731014127913402,1670.6378398502832,662.3967722919662,0.2777818614432208
0,0,0,0,256.60728905470154,273.3943593635844,255.031199349113,6.335976028206913,6.422501956222347,6.406861919038668,0,1697.904193028315,642.9650583097599,0.2895965133744863,1795.5153925715083,649.8613214730972,0.2830499323034661,1713.9540347369016,743.8352657764304,0.2785484830786595
0,0,0,0,302.5957261496487,282.74233312809804,295.58744857173093,6.053354006009051,6.440451697505095,6.210693447671463,0,1703.8316908018337,602.9785348041526,0.309324786286309,1772.3502395120906,647.9649815156712,0.2670060850987046,1517.3175662997523,680.3711448842315,0.2935139729796918
1,0,1,0,251.55948790201776,308.1981675580918,255.7390371977624,6.187313453763571,6.419994956584919,6.594660201895622,1,1513.4444625559815,651.035817133199,0.3093872997038067,1549.646464235574,753.2402423037233,0.2893603981257628,1723.3282552396902,716.419256636163,0.2987084493061011
0,0,0,0,260.9628668672745,296.91892928938745,283.27211011890773,6.146873015717029,6.513032808761725,6.155953310823722,0,1732.3053137968805,624.491688921774,0.287866703837597,1646.589695819166,737.4031616193961,0.304447500062069,1564.8574081199772,659.3347181393615,0.2709556057806689
0,0,0,0,265.0058221229394,293.4486608981629,267.2779298048096,6.145931478605346,6.451810072354923,6.49013248486416,0,1654.5215020635949,715.6192169592348,0.2721095802682824,1527.7451214087323,755.5703937547645,0.2918044990609391,1559.4009657246104,711.1888500654491,0.2673438034080931
0,0,0,0,296.4439342480668,296.3702000422141,274.6495710331969,6.296993182747554,6.316235375517628,6.544089714899256,0,1715.0766993272018,624.6921558736614,0.2991073588851791,1701.2620786402165,690.6045415735654,0.3070434760812671,1737.7125200068772,672.4347092258014,0.276262791776856
0,0,0,0,272.38567999971855,272.8301471352166,252.7286557517198,6.536289074518198,6.4232642073065485,6.18313471917846,0,1578.4966203646416,664.8099699142836,0.3051907949996825,1577.5681578803683,642.2477793587086,0.3023771817343457,1755.333467071801,663.6658112339786,0.3110705079580717
0,0,0,0,304.23485026664474,258.623653201781,254.28621211006168,6.183123355426692,6.464628351715175,6.12257191670856,0,1516.1751093517566,688.7096834707295,0.2884473469332027,1506.2773295531665,748.272466459808,0.2716889383625026,1789.802508762253,711.1422258544413,0.3030275897698046
0,0,0,0,271.9166944078825,288.47416987786687,248.1063934521957,6.226189230256087,6.179378290952454,6.315856715267864,0,1580.784239734148,659.016104082166,0.2932020581194693,1811.270649062204,650.6748096231859,0.3103925685790681,1584.3135324301008,677.7230620567808,0.2922189688585833
0,0,0,0,274.02391005286563,267.0110275320762,264.5333747151275,6.275899759303903,6.4025665957974445,6.101166297924076,0,1747.1400672432414,686.1709479634907,0.3064720742813235,1690.4475715991478,678.5395270913787,0.2879474929610454,1545.1211861724348,630.6698277108877,0.2974851429309906
0,0,0,0,286.52358486542016,301.4538464930557,297.0404522086941,6.615024821082628,6.297303625551766,6.063955265167129,0,1746.1233797235743,602.3054625036305,0.3088754932840835,1690.6697198594277,763.0258026900558,0.2901118442280941,1537.6642552044568,676.5771004449672,0.292879189803936
0,0,0,0,295.1569703354227,286.9342548220416,274.74569713403866,6.638860153643335,6.14228116337841,6.204543650374939,0,1632.3255892204188,601.6928157010875,0.3049585697137079,1660.4075146351945,730.453024992178,0.3012552716348125,1794.219835157791,707.0605492191603,0.2846092611147074
0,0,0,0,265.4113182078423,269.2611579651694,247.30335005695792,6.476083566181594,6.414838206383024,6.0917325985750646,0,1583.3549848267817,618.1388644277166,0.2921650011978949,1535.1198033079584,718.2791836282015,0.2784582775102924,1781.0666726493062,734.994809571179,0.276427916484231
0,0,0,0,293.0552081403657,256.5315547431899,253.8992903271273,6.398523647047262,6.267491369685767,6.456588663100069,0,1826.6657850267663,644.852757376469,0.2993142012135179,1816.3114072930343,702.1215170841309,0.2786727607560707,1686.415212955685,667.4274195634738,0.3100349356682476
0,0,0,0,251.0727001770855,282.9903099769352,257.2503057100763,6.2055611236059125,6.538270124259676,6.461954397686973,0,1810.0264345952708,637.8836794997163,0.2790770544496045,1530.2025963672424,758.4196196406175,0.3024094108392784,1601.2243364976227,671.310428626415,0.3021804741640941
0,0,0,0,303.2938125390903,273.3760712745014,292.133761063173,6.093480634394816,6.04964279254011,6.519254390215387,0,1642.9361081108375,659.054949187544,0.2849264355027615,1723.8044044534035,687.8022444526729,0.2743163499637358,1634.4726904658314,657.0902366362521,0.2953779775368971
0,0,0,0,265.83820657836145,253.3415858891128,255.49277485621727,6.162698299736302,6.113401978858617,6.163907612134657,0,1746.402589793773,600.7546475354243,0.2716516667426144,1518.8480266422437,765.7741103217184,0.2787163065938514,1781.8894806765688,687.4507006205148,0.2825750611453563
0,0,0,0,298.3306937431199,270.7618832662315,257.8019767909957,6.263330941452126,6.445490143502699,6.269207907770229,0,1614.3481180669887,622.8456560653425,0.284996453580662,1592.1786271277344,707.4468582670269,0.2682837533234963,1782.1594727745517,667.881132419936,0.2965952059115455
0,0,0,0,264.00244258883606,262.74170731781305,275.1266109949743,6.093719712919536,6.498344085187624,6.367557717504657,0,1522.037629303128,635.8298888641838,0.2746170507468075,1501.1789760132065,704.745147299724,0.2829587926117741,1577.7577520071695,656.6326170959157,0.2998432099746736
0,0,0,0,298.21329838048666,283.9513882537923,258.4451727227536,6.135210321713599,6.244245864287409,6.297343694075068,0,1535.0866676383862,714.2111513880297,0.2836809044443081,1537.733883593948,709.1372927437266,0.2897765918628187,1736.2687658496086,697.0727697073885,0.270023910106422
0,0,0,0,280.2661535261616,292.8812065592549,284.0764243042852,6.458129288684322,6.445514137960346,6.148176419314105,0,1767.1666262803867,678.6609021228526,0.2743811657914312,1504.034114703834,684.3930965066893,0.2807820715578391,1668.719938058655,741.2735979989092,0.3028603744713065
0,0,0,0,300.9993335147418,301.29528708337165,251.99398075945385,6.632684706949053,6.176019287076424,6.127498480317715,0,1506.0556202524158,677.8172195643116,0.2866487109376657,1822.0330549289088,712.5338410602867,0.3023375504243093,1723.634611971638,619.231790355021,0.303754066972457
0,0,0,0,250.61444951777497,272.2116736545261,288.07641945457,6.429253082749005,6.084914777637555,6.33396043602029,0,1624.3932354424103,676.3291452691585,0.30000121417287,1519.0660508015062,709.0821675118202,0.2895666705547564,1613.5120973615883,670.7342620133131,0.266722370720034
0,0,0,0,268.4701358381985,300.5893743890353,300.5639251579751,6.631111239309854,6.296007862950554,6.450059134125255,0,1794.1621418649263,639.0007687323216,0.2948978866822127,1501.8836488430982,637.4031387288856,0.2890863793591194,1498.2853820043438,642.1516996091862,0.3016198225930427
0,0,0,0,296.5567354727708,297.2715770353096,258.3431234704832,6.404298319165654,6.180592137463533,6.124442780632585,0,1717.657733645914,599.1684791932944,0.3062485350726014,1731.4960948601067,656.9584111500463,0.2670874515372108,1585.7492900230598,673.522637244213,0.2893083804000009
0,0,0,0,276.3093751682224,269.7493575406121,254.48510874187352,6.184641612083909,6.565591101245421,6.451965000348819,0,1512.2327167417484,675.4832228468495,0.285842702060636,1744.1503930092392,746.5403359791194,0.2883651947925432,1542.5882374130067,676.6421084260816,0.2685286202955887
0,0,0,0,295.661122502524,294.803417991275,272.70354362045344,6.093027906970247,6.408846954150514,6.606834331231163,0,1804.025818368676,709.7699602151054,0.2890884106766437,1762.8766880960054,687.1878591333074,0.3019758370626356,1634.4662896891389,679.5711578600611,0.3022639500475838
0,0,0,0,295.4539934465617,295.2878638647094,292.9030627409748,6.3642905195830135,6.530265500288732,6.042589382514106,0,1562.5252124870349,657.3105862485625,0.3128279518455246,1506.8260273868186,692.2116018045185,0.2954618690551736,1754.4581008615974,691.317927475564,0.2747274928548217
0,0,0,0,267.4540096172874,298.644184944964,289.25294122306343,6.191765767667702,6.100520759419771,6.29447301294583,0,1679.740107334488,602.2578079660015,0.2746583132066047,1573.500832673374,690.192753443672,0.2894012575637039,1733.947091247169,700.896106594191,0.2707820561253394
0,0,0,0,258.51952145957046,274.7782542600731,275.58698303692347,6.289943607535196,6.124685902714799,6.1194112675105465,0,1635.0093410867846,693.8013078851486,0.2945650894747784,1571.3203993529198,707.2101609114418,0.2850169360693103,1692.3318307685172,732.9659500953346,0.2775677992262996
0,0,0,0,277.12886981818303,287.0261233393778,285.9828816389374,6.63079928872365,6.073305594669281,6.384578739448466,0,1613.758196107841,674.1527554773692,0.2714360605977748,1814.7881593326665,726.7400026144517,0.302085878084751,1622.5154108027475,733.7649338777205,0.3103110843577258
0,0,0,0,277.54648831963465,264.7247627014798,271.9357582295048,6.6029530554142974,6.018895735589293,6.631944580375739,0,1697.2604697616398,666.6554831505972,0.2886121941921784,1576.1967879647016,698.0448072848975,0.2829821257657564,1589.85461280713,678.1420273500945,0.2717385369142129
0,0,0,0,252.5026133049016,285.104401324083,264.28531362061324,6.5041287145467575,6.177176851849881,6.085368542126735,0,1693.036883502983,696.0719099799668,0.2742493643008342,1571.7275255035945,628.6270117461148,0.2712999458630326,1798.1912519874998,658.4845376235729,0.2715890102363373
0,0,0,0,260.89305000820826,266.8304950071157,262.1306129071675,6.385314389475587,6.301594335503964,6.142292386855978,0,1523.876321400484,709.5322594076706,0.3125180432093648,1503.2720522616305,716.2962812930416,0.2845717395168611,1689.420044548839,673.2169277955032,0.2739003710243847
0,0,0,0,288.0993362041485,290.8206236429542,255.07201575428897,6.370989453716565,6.089378726511971,6.418182113040382,0,1789.192722628263,610.9628627184761,0.3042275136150144,1726.8900127345164,688.5453161379378,0.3094252879640135,1600.2479658354807,747.2452873613737,0.2809426571776827
0,0,0,0,303.26056169498474,267.163029562055,259.3868357328014,6.583932514029752,6.293159716875845,6.189814021673778,0,1592.7705374159143,701.7398980480478,0.3141260714483686,1668.8352547467834,668.1161146006388,0.2659143944954342,1620.4460674294176,639.6514311889745,0.3063952999443382
0,0,0,0,288.97666608924385,253.12981324850105,289.37124703596584,6.067240198285714,6.173560579111014,6.069298586118721,0,1719.550634931242,681.9077745611019,0.3122691616706303,1804.3353917951647,756.902675503766,0.2989234444265458,1643.481646962508,647.933511661133,0.2739733986766313
1,0,1,0,294.8280391673275,307.9362703264053,270.6172961316845,6.0987864397560525,6.646242467142195,6.207144182689396,1,1658.9698453390247,719.6072926302393,0.2759453147532392,1680.6152178510158,650.7283491308048,0.2799937087556339,1567.0286012757902,749.3561919206697,0.2726684754977609
0,0,0,0,290.55436549196025,263.3890334891539,261.1493626733291,6.013569705009208,6.429261847692406,6.616296298239983,0,1701.550841666308,716.6123038825151,0.2807594258698286,1732.8007603549706,722.8897964497312,0.2801440299850003,1777.6852681507726,678.8450219255031,0.3051275159626657
0,0,0,0,274.9529994782561,254.2250432591912,297.2731026440524,6.2819397606595375,6.29780564843769,6.022820295177208,0,1554.8341625394016,651.8390595000876,0.2925225419883142,1755.6566013520971,721.777257403078,0.2949253470788321,1657.632771452665,724.0389766035286,0.2908448960128876
0,0,0,0,267.8226810792627,285.8927006423765,275.5158665581592,6.09955388269192,6.443519351294613,6.519561147104404,0,1798.83906721385,657.7080828695632,0.3085864648712091,1763.2707823313074,718.8664152734935,0.2838289665437742,1597.5175851471124,669.3695760469645,0.2699664152706506
0,0,0,0,300.61772784351143,291.1598739065392,256.6612133318193,6.070934166634165,6.059031802749155,6.5792788265084665,0,1718.921833700492,650.0909651942852,0.2863082875838774,1693.2768427995582,734.5943649938159,0.3039603570690926,1690.1159402930334,736.9804327147829,0.2882187349299461
0,0,0,0,279.9336913197967,275.0614206949725,251.1291454146911,6.595042848593608,6.262118904544462,6.440188803808982,0,1802.9613976719093,654.7175553467774,0.2801218889149557,1591.2758165384466,664.4443449085469,0.3054977454272509,1531.6881086000722,663.3969480295963,0.2683666244825504
0,0,0,0,264.8289363182153,279.39848248137685,293.85498472916606,6.499705169595791,6.569792712643756,6.017446059328284,0,1797.9884066722188,624.7304389463458,0.2890396139543915,1749.4877294185906,698.5121534529674,0.296590968982079,1607.101980311125,740.4570648405887,0.3001669988283724
0,0,0,0,279.9785531030279,276.4775809335439,269.71206408308615,6.3485643927226985,6.4688274706730935,6.446423978706587,0,1618.609030502219,664.2918479156216,0.2980846511880351,1782.2094102244423,648.5744773763821,0.2863324006678555,1556.9432235453455,703.8956797917349,0.3065937043084535
1,0,1,0,273.054666420542,306.3840137633134,302.02422248946584,6.589964717772847,6.623468090402393,6.12531015739891,1,1834.097792355862,609.45660495288,0.2781717911468194,1528.3943735895348,629.1108610455494,0.2727394810884005,1639.7684048487226,732.4016266219414,0.2664391487940757
0,0,0,0,283.40122829498966,290.86013293864306,291.746023933772,6.188661568625494,6.156816294363788,6.517864451170774,0,1790.4157056902848,632.9252564519264,0.2995638655446253,1507.4821356159694,684.0450171121097,0.2787342395120027,1624.8463578760466,699.275571111311,0.2937928916573207
0,0,0,0,295.7638204007017,278.20811763625346,258.1132584920699,6.282328028091701,6.2952772866801805,6.272595209905129,0,1594.4611573907737,630.4871835387394,0.2924647993014892,1526.2103603260086,727.1498080202905,0.2752028769975534,1549.7027033377603,696.1733834086251,0.2828863907811533
0,0,0,0,274.76357883835175,277.3410550818303,278.0001686618621,6.353327437188918,6.27752712485248,6.4588051833241344,0,1570.4509328400566,616.0273278966603,0.3086952260538237,1507.7523809251657,696.4080220499222,0.2911351429713947,1533.216179085587,650.7599315552726,0.3034660556293781
0,0,0,0,302.4269126471453,271.2576276471972,247.79785608817767,6.099352710428566,6.107540246781666,6.522795617481542,0,1668.6518826882689,623.7578022733227,0.2700157832212707,1731.913738580737,701.3892316901517,0.2719314532423465,1532.7941770818916,699.2350945524274,0.2812681249609788
0,0,0,0,282.34617929525086,277.0203945318072,280.5785031385733,6.213112432807271,6.433444285719455,6.620695191194465,0,1531.5210180807082,624.9187046989887,0.2760502947428217,1583.609822399401,628.7028006449175,0.2894862686475906,1668.260669643258,680.742427936124,0.2923471995066407
0,0,0,0,301.3570429699398,281.31518804585784,291.58074513756446,6.53765679860293,6.487761398452084,6.194598459090456,0,1610.3315080062196,626.8113902120821,0.2795665081563936,1663.1968126875315,636.4676142018975,0.2990635767805911,1692.731562327225,674.6376417465866,0.307138575149164
0,0,0,0,296.7669229890843,270.56886829201164,287.0994223389331,6.3458979462900365,6.4938518384608965,6.2669335279005125,0,1733.3779426769124,712.2997101406402,0.290556390358524,1569.0695981022193,681.1581531008659,0.3057160346965979,1545.4303846294274,664.9665995037849,0.2787936127246385
1,0,1,0,259.6164772666428,308.16584304437094,280.2270250465235,6.4838248676287895,6.264226540063952,6.276392313997614,1,1586.6559423340389,655.5123202044044,0.2853766062516558,1522.5022035045386,639.537140711889,0.2928472741593234,1616.592604423986,623.6064200290632,0.2896835373450702
0,0,0,0,277.86313567311714,287.23373003177306,294.25407832507057,6.107971727660175,6.140976393419817,6.157262523179296,0,1537.163655723548,611.7695352845019,0.2719468151553961,1579.495752150968,651.2061954217733,0.3100266922481899,1582.4118635970872,644.9633060395618,0.2885277220340729
0,0,0,0,250.92877676297056,298.16166108524976,261.2877405684772,6.438272522271493,6.5181047496820606,6.177986914509272,0,1677.168879554213,714.32270934447,0.274934448399418,1538.192249219153,682.5554451737944,0.2731631436055634,1657.3668734763944,672.5587901734148,0.3098846152010287
0,0,0,0,256.85607028089777,261.0030821743919,273.21458172205985,6.629637647517479,6.55985837880015,6.325154645902543,0,1579.5003205447667,697.6820725170104,0.2831657653523818,1598.587187382314,718.8245943141598,0.2917095644620541,1715.057825067264,628.2404473142358,0.2967875973460611
0,0,0,0,299.5754878696491,275.64481313800684,289.2532060622729,6.049888772949633,6.103283708989555,6.174834520383839,0,1549.4553683611578,690.2403935820416,0.287801163048067,1664.3771997089573,644.6535705714807,0.2875058373553333,1632.6352954470722,752.065682817264,0.2976529056674699
0,0,0,0,296.5521279428647,264.3752749300131,286.2691848804341,6.275900238000694,6.271104192897312,6.382334470020021,0,1758.8720359933636,600.7789847207887,0.2729785955902001,1777.061023092401,675.2690189846886,0.2958362718565236,1592.1391539399283,695.2415305075695,0.2815184763555329
0,0,0,0,254.4966699644077,269.927132404326,266.1414115983452,6.641735062112183,6.428386079620235,6.271292999483152,0,1544.9576102901494,604.9918005233959,0.3086060581584507,1605.283839351544,681.56545518396,0.2774668870903861,1711.182781900882,686.2697433661241,0.3096893637571377
0,0,0,0,252.16519946592885,285.1983233344916,287.5408233863289,6.33174218685962,6.5571609063353264,6.6018653840911,0,1697.5582568102525,717.1751709447465,0.2695011577220836,1576.336905662613,749.1218232586284,0.2660912315540368,1690.4606308501238,676.3407866121947,0.2675860089550801
0,0,0,0,300.9247189156724,259.9498647778294,275.08222510229285,6.310998103039313,6.152242622272374,6.528455887721395,0,1512.174645641678,686.6929049932223,0.2899019598394539,1517.352335947428,707.0419132359133,0.294310979628994,1757.2672115071496,700.5233736329941,0.2660809744076264
0,0,0,0,288.4391504871143,304.5131639707238,253.4724771352106,6.277895144326243,6.101388962609971,6.071450843152782,0,1691.32547992117,681.3023162163295,0.283696989698855,1719.1415363726676,627.62845515199,0.3084736717329625,1584.1954620127517,667.3764200776197,0.2755232917216602
0,0,0,0,282.325954614674,291.7304222797019,262.2629799865654,6.293665765778602,6.475615208989211,6.537747102251164,0,1513.9037962900245,637.7138691679976,0.3053952452083083,1727.9857511941063,670.3513588534692,0.2698642715531931,1796.4252545693205,683.84742250468,0.2659377949614778
0,0,0,0,257.6152879696924,273.4825702208938,281.73386002638904,6.21718056256369,6.594497836896149,6.415125687180137,0,1695.6753191474372,605.3550407759454,0.3116626299675042,1755.379220455437,732.2821186777761,0.2935944763338084,1681.1264877151586,692.0474365512289,0.3116968300992566
0,0,0,0,290.4967723034747,280.1051059293292,276.2543049744429,6.505101524924697,6.342117586149599,6.0355839575060015,0,1793.7972827607812,623.9514470849917,0.2711346994346654,1771.555029593778,688.8569163700421,0.2919159215954738,1676.6992402391804,729.6115914673547,0.2728622340106847
0,0,0,0,282.8372978676046,275.09226692342946,282.6553343319019,6.389053602423691,6.160570729235186,6.067098454088696,0,1557.3122798222068,611.755123912707,0.3133927824446745,1552.8666187984268,720.0432875672608,0.2937220399149166,1767.9287226763408,669.5263618462375,0.2801646900245955
0,0,0,0,275.5103075511945,301.52471152334897,262.37714008010323,6.260214018296933,6.511494228395883,6.532880511688703,0,1790.8304227061212,718.3744756869676,0.2814911524889322,1805.3380507484312,661.2633569993571,0.2922016882256618,1476.7851986799872,693.5662065273374,0.2813750140884226
0,0,0,0,267.75539941696064,267.8338856492056,283.6429666929128,6.421522804880015,6.345550914659758,6.3859615968283,0,1786.7928721562516,676.0248912773385,0.3074104392765263,1645.683759178219,628.6435770069623,0.2912588082989866,1716.3827337558882,694.4590923473075,0.2686105827730912
0,0,0,0,256.3050554971832,284.1203209802759,288.7727617052884,6.390866478093771,6.224741409341573,6.421891249014054,0,1594.3050691302335,605.9572717966115,0.2874391026869322,1735.4044136069715,716.7227089916112,0.2807758992990902,1683.986095872012,692.0062824903797,0.266016939283282
0,0,0,0,288.5100788266369,267.1359898046672,275.5870922034682,6.251336932936273,6.145558299510612,6.116053097856233,0,1817.21844249898,703.6509276466709,0.2948931275717347,1609.0665431265716,693.4250241225526,0.2790558658698227,1795.5212238733611,630.9999727077964,0.3091449162761406
